2025-07-08 07:03:29,409 - INFO - === Search Started ===
2025-07-08 07:03:29,409 - INFO - Position: 4 legal moves available
2025-07-08 07:03:29,409 - INFO - Max search depth: 25
2025-07-08 07:03:29,410 - INFO - Depth 1 completed in 0.001521s
2025-07-08 07:03:29,410 - INFO -   Nodes: 4, Terminal: 4, Pruned: 0
2025-07-08 07:03:29,410 - INFO -   Best move: (CardPosition(rank=11, suit=0), (2, 2)), Score: 1.887
2025-07-08 07:03:29,411 - INFO - Depth 2 completed in 0.000838s
2025-07-08 07:03:29,411 - INFO -   Nodes: 4, Terminal: 0, Pruned: 0
2025-07-08 07:03:29,411 - INFO -   Best move: (CardPosition(rank=11, suit=0), (2, 2)), Score: 1.887
2025-07-08 07:03:29,412 - INFO - Depth 3 completed in 0.000748s
2025-07-08 07:03:29,412 - INFO -   Nodes: 4, Terminal: 0, Pruned: 0
2025-07-08 07:03:29,412 - INFO -   Best move: (CardPosition(rank=11, suit=0), (2, 2)), Score: 1.887
2025-07-08 07:03:29,413 - INFO - Depth 4 completed in 0.000758s
2025-07-08 07:03:29,413 - INFO -   Nodes: 4, Terminal: 0, Pruned: 0
2025-07-08 07:03:29,413 - INFO -   Best move: (CardPosition(rank=11, suit=0), (2, 2)), Score: 1.887
2025-07-08 07:03:29,414 - INFO - Depth 5 completed in 0.000986s
2025-07-08 07:03:29,414 - INFO -   Nodes: 4, Terminal: 0, Pruned: 0
2025-07-08 07:03:29,414 - INFO -   Best move: (CardPosition(rank=11, suit=0), (2, 2)), Score: 1.887
2025-07-08 07:03:29,415 - INFO - Depth 6 completed in 0.000702s
2025-07-08 07:03:29,415 - INFO -   Nodes: 4, Terminal: 0, Pruned: 0
2025-07-08 07:03:29,415 - INFO -   Best move: (CardPosition(rank=11, suit=0), (2, 2)), Score: 1.887
2025-07-08 07:03:29,416 - INFO - Depth 7 completed in 0.000668s
2025-07-08 07:03:29,416 - INFO -   Nodes: 4, Terminal: 0, Pruned: 0
2025-07-08 07:03:29,416 - INFO -   Best move: (CardPosition(rank=11, suit=0), (2, 2)), Score: 1.887
2025-07-08 07:03:29,417 - INFO - Depth 8 completed in 0.000717s
2025-07-08 07:03:29,417 - INFO -   Nodes: 4, Terminal: 0, Pruned: 0
2025-07-08 07:03:29,417 - INFO -   Best move: (CardPosition(rank=11, suit=0), (2, 2)), Score: 1.887
2025-07-08 07:03:29,417 - INFO - Depth 9 completed in 0.000649s
2025-07-08 07:03:29,417 - INFO -   Nodes: 4, Terminal: 0, Pruned: 0
2025-07-08 07:03:29,417 - INFO -   Best move: (CardPosition(rank=11, suit=0), (2, 2)), Score: 1.887
2025-07-08 07:03:29,418 - INFO - Depth 10 completed in 0.000758s
2025-07-08 07:03:29,418 - INFO -   Nodes: 4, Terminal: 0, Pruned: 0
2025-07-08 07:03:29,418 - INFO -   Best move: (CardPosition(rank=11, suit=0), (2, 2)), Score: 1.887
2025-07-08 07:03:29,419 - INFO - Depth 11 completed in 0.000638s
2025-07-08 07:03:29,419 - INFO -   Nodes: 4, Terminal: 0, Pruned: 0
2025-07-08 07:03:29,419 - INFO -   Best move: (CardPosition(rank=11, suit=0), (2, 2)), Score: 1.887
2025-07-08 07:03:29,420 - INFO - Depth 12 completed in 0.000620s
2025-07-08 07:03:29,420 - INFO -   Nodes: 4, Terminal: 0, Pruned: 0
2025-07-08 07:03:29,420 - INFO -   Best move: (CardPosition(rank=11, suit=0), (2, 2)), Score: 1.887
2025-07-08 07:03:29,421 - INFO - Depth 13 completed in 0.000639s
2025-07-08 07:03:29,421 - INFO -   Nodes: 4, Terminal: 0, Pruned: 0
2025-07-08 07:03:29,421 - INFO -   Best move: (CardPosition(rank=11, suit=0), (2, 2)), Score: 1.887
2025-07-08 07:03:29,421 - INFO - Depth 14 completed in 0.000615s
2025-07-08 07:03:29,421 - INFO -   Nodes: 4, Terminal: 0, Pruned: 0
2025-07-08 07:03:29,421 - INFO -   Best move: (CardPosition(rank=11, suit=0), (2, 2)), Score: 1.887
2025-07-08 07:03:29,422 - INFO - Depth 15 completed in 0.000636s
2025-07-08 07:03:29,422 - INFO -   Nodes: 4, Terminal: 0, Pruned: 0
2025-07-08 07:03:29,422 - INFO -   Best move: (CardPosition(rank=11, suit=0), (2, 2)), Score: 1.887
2025-07-08 07:03:29,423 - INFO - Depth 16 completed in 0.000758s
2025-07-08 07:03:29,423 - INFO -   Nodes: 4, Terminal: 0, Pruned: 0
2025-07-08 07:03:29,423 - INFO -   Best move: (CardPosition(rank=11, suit=0), (2, 2)), Score: 1.887
2025-07-08 07:03:29,424 - INFO - Depth 17 completed in 0.000643s
2025-07-08 07:03:29,424 - INFO -   Nodes: 4, Terminal: 0, Pruned: 0
2025-07-08 07:03:29,424 - INFO -   Best move: (CardPosition(rank=11, suit=0), (2, 2)), Score: 1.887
2025-07-08 07:03:29,424 - INFO - Depth 18 completed in 0.000677s
2025-07-08 07:03:29,425 - INFO -   Nodes: 4, Terminal: 0, Pruned: 0
2025-07-08 07:03:29,425 - INFO -   Best move: (CardPosition(rank=11, suit=0), (2, 2)), Score: 1.887
2025-07-08 07:03:29,425 - INFO - Depth 19 completed in 0.000763s
2025-07-08 07:03:29,426 - INFO -   Nodes: 4, Terminal: 0, Pruned: 0
2025-07-08 07:03:29,426 - INFO -   Best move: (CardPosition(rank=11, suit=0), (2, 2)), Score: 1.887
2025-07-08 07:03:29,426 - INFO - Depth 20 completed in 0.000745s
2025-07-08 07:03:29,426 - INFO -   Nodes: 4, Terminal: 0, Pruned: 0
2025-07-08 07:03:29,426 - INFO -   Best move: (CardPosition(rank=11, suit=0), (2, 2)), Score: 1.887
2025-07-08 07:03:29,427 - INFO - Depth 21 completed in 0.000696s
2025-07-08 07:03:29,427 - INFO -   Nodes: 4, Terminal: 0, Pruned: 0
2025-07-08 07:03:29,427 - INFO -   Best move: (CardPosition(rank=11, suit=0), (2, 2)), Score: 1.887
2025-07-08 07:03:29,428 - INFO - Depth 22 completed in 0.000627s
2025-07-08 07:03:29,428 - INFO -   Nodes: 4, Terminal: 0, Pruned: 0
2025-07-08 07:03:29,428 - INFO -   Best move: (CardPosition(rank=11, suit=0), (2, 2)), Score: 1.887
2025-07-08 07:03:29,429 - INFO - Depth 23 completed in 0.000739s
2025-07-08 07:03:29,429 - INFO -   Nodes: 4, Terminal: 0, Pruned: 0
2025-07-08 07:03:29,429 - INFO -   Best move: (CardPosition(rank=11, suit=0), (2, 2)), Score: 1.887
2025-07-08 07:03:29,430 - INFO - Depth 24 completed in 0.000650s
2025-07-08 07:03:29,430 - INFO -   Nodes: 4, Terminal: 0, Pruned: 0
2025-07-08 07:03:29,430 - INFO -   Best move: (CardPosition(rank=11, suit=0), (2, 2)), Score: 1.887
2025-07-08 07:03:29,430 - INFO - Depth 25 completed in 0.000681s
2025-07-08 07:03:29,430 - INFO -   Nodes: 4, Terminal: 0, Pruned: 0
2025-07-08 07:03:29,430 - INFO -   Best move: (CardPosition(rank=11, suit=0), (2, 2)), Score: 1.887
2025-07-08 07:03:29,430 - INFO - Iterative deepening completed: depth 25/25
2025-07-08 07:03:29,431 - INFO - === Search Completed ===
2025-07-08 07:03:29,431 - INFO - Positions evaluated: 100
2025-07-08 07:03:29,431 - INFO - Time taken: 0.021968s
2025-07-08 07:03:29,431 - INFO - Positions/second: 4552.05
2025-07-08 07:03:29,431 - INFO - Max depth reached: 1
2025-07-08 07:03:29,431 - INFO - Average depth reached: 1.00
2025-07-08 07:03:29,431 - INFO - Average branching factor: 4.75
2025-07-08 07:03:29,431 - INFO - Cache hits: 96
2025-07-08 07:03:29,431 - INFO - Cache misses: 4
2025-07-08 07:03:29,431 - INFO - Cache hit rate: 96.0%
2025-07-08 07:03:29,431 - INFO - Transposition table size: 4
2025-07-08 07:03:29,431 - INFO - === Search Started ===
2025-07-08 07:03:29,431 - INFO - Position: 4 legal moves available
2025-07-08 07:03:29,431 - INFO - Max search depth: 25
2025-07-08 07:03:29,432 - INFO - Depth 1 completed in 0.000767s
2025-07-08 07:03:29,432 - INFO -   Nodes: 4, Terminal: 4, Pruned: 0
2025-07-08 07:03:29,432 - INFO -   Best move: (CardPosition(rank=3, suit=0), (3, 5)), Score: 1.887
2025-07-08 07:03:29,432 - INFO - Depth 2 completed in 0.000328s
2025-07-08 07:03:29,432 - INFO -   Nodes: 4, Terminal: 0, Pruned: 0
2025-07-08 07:03:29,432 - INFO -   Best move: (CardPosition(rank=3, suit=0), (3, 5)), Score: 1.887
2025-07-08 07:03:29,433 - INFO - Depth 3 completed in 0.000323s
2025-07-08 07:03:29,433 - INFO -   Nodes: 4, Terminal: 0, Pruned: 0
2025-07-08 07:03:29,433 - INFO -   Best move: (CardPosition(rank=3, suit=0), (3, 5)), Score: 1.887
2025-07-08 07:03:29,433 - INFO - Depth 4 completed in 0.000355s
2025-07-08 07:03:29,433 - INFO -   Nodes: 4, Terminal: 0, Pruned: 0
2025-07-08 07:03:29,433 - INFO -   Best move: (CardPosition(rank=3, suit=0), (3, 5)), Score: 1.887
2025-07-08 07:03:29,434 - INFO - Depth 5 completed in 0.000330s
2025-07-08 07:03:29,434 - INFO -   Nodes: 4, Terminal: 0, Pruned: 0
2025-07-08 07:03:29,434 - INFO -   Best move: (CardPosition(rank=3, suit=0), (3, 5)), Score: 1.887
2025-07-08 07:03:29,434 - INFO - Depth 6 completed in 0.000323s
2025-07-08 07:03:29,434 - INFO -   Nodes: 4, Terminal: 0, Pruned: 0
2025-07-08 07:03:29,434 - INFO -   Best move: (CardPosition(rank=3, suit=0), (3, 5)), Score: 1.887
2025-07-08 07:03:29,435 - INFO - Depth 7 completed in 0.000337s
2025-07-08 07:03:29,435 - INFO -   Nodes: 4, Terminal: 0, Pruned: 0
2025-07-08 07:03:29,435 - INFO -   Best move: (CardPosition(rank=3, suit=0), (3, 5)), Score: 1.887
2025-07-08 07:03:29,435 - INFO - Depth 8 completed in 0.000312s
2025-07-08 07:03:29,435 - INFO -   Nodes: 4, Terminal: 0, Pruned: 0
2025-07-08 07:03:29,435 - INFO -   Best move: (CardPosition(rank=3, suit=0), (3, 5)), Score: 1.887
2025-07-08 07:03:29,436 - INFO - Depth 9 completed in 0.000308s
2025-07-08 07:03:29,436 - INFO -   Nodes: 4, Terminal: 0, Pruned: 0
2025-07-08 07:03:29,436 - INFO -   Best move: (CardPosition(rank=3, suit=0), (3, 5)), Score: 1.887
2025-07-08 07:03:29,436 - INFO - Depth 10 completed in 0.000306s
2025-07-08 07:03:29,436 - INFO -   Nodes: 4, Terminal: 0, Pruned: 0
2025-07-08 07:03:29,436 - INFO -   Best move: (CardPosition(rank=3, suit=0), (3, 5)), Score: 1.887
2025-07-08 07:03:29,436 - INFO - Depth 11 completed in 0.000308s
2025-07-08 07:03:29,436 - INFO -   Nodes: 4, Terminal: 0, Pruned: 0
2025-07-08 07:03:29,436 - INFO -   Best move: (CardPosition(rank=3, suit=0), (3, 5)), Score: 1.887
2025-07-08 07:03:29,437 - INFO - Depth 12 completed in 0.000306s
2025-07-08 07:03:29,437 - INFO -   Nodes: 4, Terminal: 0, Pruned: 0
2025-07-08 07:03:29,437 - INFO -   Best move: (CardPosition(rank=3, suit=0), (3, 5)), Score: 1.887
2025-07-08 07:03:29,437 - INFO - Depth 13 completed in 0.000308s
2025-07-08 07:03:29,437 - INFO -   Nodes: 4, Terminal: 0, Pruned: 0
2025-07-08 07:03:29,437 - INFO -   Best move: (CardPosition(rank=3, suit=0), (3, 5)), Score: 1.887
2025-07-08 07:03:29,438 - INFO - Depth 14 completed in 0.000306s
2025-07-08 07:03:29,438 - INFO -   Nodes: 4, Terminal: 0, Pruned: 0
2025-07-08 07:03:29,438 - INFO -   Best move: (CardPosition(rank=3, suit=0), (3, 5)), Score: 1.887
2025-07-08 07:03:29,438 - INFO - Depth 15 completed in 0.000307s
2025-07-08 07:03:29,438 - INFO -   Nodes: 4, Terminal: 0, Pruned: 0
2025-07-08 07:03:29,438 - INFO -   Best move: (CardPosition(rank=3, suit=0), (3, 5)), Score: 1.887
2025-07-08 07:03:29,439 - INFO - Depth 16 completed in 0.000308s
2025-07-08 07:03:29,439 - INFO -   Nodes: 4, Terminal: 0, Pruned: 0
2025-07-08 07:03:29,439 - INFO -   Best move: (CardPosition(rank=3, suit=0), (3, 5)), Score: 1.887
2025-07-08 07:03:29,439 - INFO - Depth 17 completed in 0.000308s
2025-07-08 07:03:29,439 - INFO -   Nodes: 4, Terminal: 0, Pruned: 0
2025-07-08 07:03:29,439 - INFO -   Best move: (CardPosition(rank=3, suit=0), (3, 5)), Score: 1.887
2025-07-08 07:03:29,439 - INFO - Depth 18 completed in 0.000330s
2025-07-08 07:03:29,439 - INFO -   Nodes: 4, Terminal: 0, Pruned: 0
2025-07-08 07:03:29,439 - INFO -   Best move: (CardPosition(rank=3, suit=0), (3, 5)), Score: 1.887
2025-07-08 07:03:29,440 - INFO - Depth 19 completed in 0.000311s
2025-07-08 07:03:29,440 - INFO -   Nodes: 4, Terminal: 0, Pruned: 0
2025-07-08 07:03:29,440 - INFO -   Best move: (CardPosition(rank=3, suit=0), (3, 5)), Score: 1.887
2025-07-08 07:03:29,440 - INFO - Depth 20 completed in 0.000314s
2025-07-08 07:03:29,440 - INFO -   Nodes: 4, Terminal: 0, Pruned: 0
2025-07-08 07:03:29,440 - INFO -   Best move: (CardPosition(rank=3, suit=0), (3, 5)), Score: 1.887
2025-07-08 07:03:29,441 - INFO - Depth 21 completed in 0.000308s
2025-07-08 07:03:29,441 - INFO -   Nodes: 4, Terminal: 0, Pruned: 0
2025-07-08 07:03:29,441 - INFO -   Best move: (CardPosition(rank=3, suit=0), (3, 5)), Score: 1.887
2025-07-08 07:03:29,441 - INFO - Depth 22 completed in 0.000307s
2025-07-08 07:03:29,441 - INFO -   Nodes: 4, Terminal: 0, Pruned: 0
2025-07-08 07:03:29,441 - INFO -   Best move: (CardPosition(rank=3, suit=0), (3, 5)), Score: 1.887
2025-07-08 07:03:29,442 - INFO - Depth 23 completed in 0.000309s
2025-07-08 07:03:29,442 - INFO -   Nodes: 4, Terminal: 0, Pruned: 0
2025-07-08 07:03:29,442 - INFO -   Best move: (CardPosition(rank=3, suit=0), (3, 5)), Score: 1.887
2025-07-08 07:03:29,442 - INFO - Depth 24 completed in 0.000306s
2025-07-08 07:03:29,442 - INFO -   Nodes: 4, Terminal: 0, Pruned: 0
2025-07-08 07:03:29,442 - INFO -   Best move: (CardPosition(rank=3, suit=0), (3, 5)), Score: 1.887
2025-07-08 07:03:29,442 - INFO - Depth 25 completed in 0.000310s
2025-07-08 07:03:29,442 - INFO -   Nodes: 4, Terminal: 0, Pruned: 0
2025-07-08 07:03:29,443 - INFO -   Best move: (CardPosition(rank=3, suit=0), (3, 5)), Score: 1.887
2025-07-08 07:03:29,443 - INFO - Iterative deepening completed: depth 25/25
2025-07-08 07:03:29,443 - INFO - === Search Completed ===
2025-07-08 07:03:29,443 - INFO - Positions evaluated: 100
2025-07-08 07:03:29,443 - INFO - Time taken: 0.011467s
2025-07-08 07:03:29,443 - INFO - Positions/second: 8720.39
2025-07-08 07:03:29,443 - INFO - Max depth reached: 1
2025-07-08 07:03:29,443 - INFO - Average depth reached: 1.00
2025-07-08 07:03:29,443 - INFO - Average branching factor: 4.75
2025-07-08 07:03:29,443 - INFO - Cache hits: 96
2025-07-08 07:03:29,443 - INFO - Cache misses: 4
2025-07-08 07:03:29,443 - INFO - Cache hit rate: 96.0%
2025-07-08 07:03:29,443 - INFO - Transposition table size: 4
2025-07-08 07:03:29,443 - INFO - === Search Started ===
2025-07-08 07:03:29,443 - INFO - Position: 4 legal moves available
2025-07-08 07:03:29,443 - INFO - Max search depth: 25
2025-07-08 07:03:29,444 - INFO - Depth 1 completed in 0.000721s
2025-07-08 07:03:29,444 - INFO -   Nodes: 4, Terminal: 4, Pruned: 0
2025-07-08 07:03:29,444 - INFO -   Best move: (CardPosition(rank=4, suit=1), (1, 6)), Score: 1.887
2025-07-08 07:03:29,444 - INFO - Depth 2 completed in 0.000308s
2025-07-08 07:03:29,444 - INFO -   Nodes: 4, Terminal: 0, Pruned: 0
2025-07-08 07:03:29,444 - INFO -   Best move: (CardPosition(rank=4, suit=1), (1, 6)), Score: 1.887
2025-07-08 07:03:29,445 - INFO - Depth 3 completed in 0.000384s
2025-07-08 07:03:29,445 - INFO -   Nodes: 4, Terminal: 0, Pruned: 0
2025-07-08 07:03:29,445 - INFO -   Best move: (CardPosition(rank=4, suit=1), (1, 6)), Score: 1.887
2025-07-08 07:03:29,445 - INFO - Depth 4 completed in 0.000350s
2025-07-08 07:03:29,445 - INFO -   Nodes: 4, Terminal: 0, Pruned: 0
2025-07-08 07:03:29,445 - INFO -   Best move: (CardPosition(rank=4, suit=1), (1, 6)), Score: 1.887
2025-07-08 07:03:29,446 - INFO - Depth 5 completed in 0.000305s
2025-07-08 07:03:29,446 - INFO -   Nodes: 4, Terminal: 0, Pruned: 0
2025-07-08 07:03:29,446 - INFO -   Best move: (CardPosition(rank=4, suit=1), (1, 6)), Score: 1.887
2025-07-08 07:03:29,446 - INFO - Depth 6 completed in 0.000308s
2025-07-08 07:03:29,446 - INFO -   Nodes: 4, Terminal: 0, Pruned: 0
2025-07-08 07:03:29,446 - INFO -   Best move: (CardPosition(rank=4, suit=1), (1, 6)), Score: 1.887
2025-07-08 07:03:29,447 - INFO - Depth 7 completed in 0.000394s
2025-07-08 07:03:29,447 - INFO -   Nodes: 4, Terminal: 0, Pruned: 0
2025-07-08 07:03:29,447 - INFO -   Best move: (CardPosition(rank=4, suit=1), (1, 6)), Score: 1.887
2025-07-08 07:03:29,447 - INFO - Depth 8 completed in 0.000316s
2025-07-08 07:03:29,447 - INFO -   Nodes: 4, Terminal: 0, Pruned: 0
2025-07-08 07:03:29,447 - INFO -   Best move: (CardPosition(rank=4, suit=1), (1, 6)), Score: 1.887
2025-07-08 07:03:29,448 - INFO - Depth 9 completed in 0.000310s
2025-07-08 07:03:29,448 - INFO -   Nodes: 4, Terminal: 0, Pruned: 0
2025-07-08 07:03:29,448 - INFO -   Best move: (CardPosition(rank=4, suit=1), (1, 6)), Score: 1.887
2025-07-08 07:03:29,448 - INFO - Depth 10 completed in 0.000308s
2025-07-08 07:03:29,448 - INFO -   Nodes: 4, Terminal: 0, Pruned: 0
2025-07-08 07:03:29,448 - INFO -   Best move: (CardPosition(rank=4, suit=1), (1, 6)), Score: 1.887
2025-07-08 07:03:29,448 - INFO - Depth 11 completed in 0.000307s
2025-07-08 07:03:29,449 - INFO -   Nodes: 4, Terminal: 0, Pruned: 0
2025-07-08 07:03:29,449 - INFO -   Best move: (CardPosition(rank=4, suit=1), (1, 6)), Score: 1.887
2025-07-08 07:03:29,449 - INFO - Depth 12 completed in 0.000306s
2025-07-08 07:03:29,449 - INFO -   Nodes: 4, Terminal: 0, Pruned: 0
2025-07-08 07:03:29,449 - INFO -   Best move: (CardPosition(rank=4, suit=1), (1, 6)), Score: 1.887
2025-07-08 07:03:29,449 - INFO - Depth 13 completed in 0.000305s
2025-07-08 07:03:29,449 - INFO -   Nodes: 4, Terminal: 0, Pruned: 0
2025-07-08 07:03:29,449 - INFO -   Best move: (CardPosition(rank=4, suit=1), (1, 6)), Score: 1.887
2025-07-08 07:03:29,450 - INFO - Depth 14 completed in 0.000308s
2025-07-08 07:03:29,450 - INFO -   Nodes: 4, Terminal: 0, Pruned: 0
2025-07-08 07:03:29,450 - INFO -   Best move: (CardPosition(rank=4, suit=1), (1, 6)), Score: 1.887
2025-07-08 07:03:29,450 - INFO - Depth 15 completed in 0.000312s
2025-07-08 07:03:29,450 - INFO -   Nodes: 4, Terminal: 0, Pruned: 0
2025-07-08 07:03:29,450 - INFO -   Best move: (CardPosition(rank=4, suit=1), (1, 6)), Score: 1.887
2025-07-08 07:03:29,451 - INFO - Depth 16 completed in 0.000305s
2025-07-08 07:03:29,451 - INFO -   Nodes: 4, Terminal: 0, Pruned: 0
2025-07-08 07:03:29,451 - INFO -   Best move: (CardPosition(rank=4, suit=1), (1, 6)), Score: 1.887
2025-07-08 07:03:29,451 - INFO - Depth 17 completed in 0.000306s
2025-07-08 07:03:29,451 - INFO -   Nodes: 4, Terminal: 0, Pruned: 0
2025-07-08 07:03:29,451 - INFO -   Best move: (CardPosition(rank=4, suit=1), (1, 6)), Score: 1.887
2025-07-08 07:03:29,451 - INFO - Depth 18 completed in 0.000305s
2025-07-08 07:03:29,451 - INFO -   Nodes: 4, Terminal: 0, Pruned: 0
2025-07-08 07:03:29,452 - INFO -   Best move: (CardPosition(rank=4, suit=1), (1, 6)), Score: 1.887
2025-07-08 07:03:29,452 - INFO - Depth 19 completed in 0.000307s
2025-07-08 07:03:29,452 - INFO -   Nodes: 4, Terminal: 0, Pruned: 0
2025-07-08 07:03:29,452 - INFO -   Best move: (CardPosition(rank=4, suit=1), (1, 6)), Score: 1.887
2025-07-08 07:03:29,452 - INFO - Depth 20 completed in 0.000306s
2025-07-08 07:03:29,452 - INFO -   Nodes: 4, Terminal: 0, Pruned: 0
2025-07-08 07:03:29,452 - INFO -   Best move: (CardPosition(rank=4, suit=1), (1, 6)), Score: 1.887
2025-07-08 07:03:29,453 - INFO - Depth 21 completed in 0.000326s
2025-07-08 07:03:29,453 - INFO -   Nodes: 4, Terminal: 0, Pruned: 0
2025-07-08 07:03:29,453 - INFO -   Best move: (CardPosition(rank=4, suit=1), (1, 6)), Score: 1.887
2025-07-08 07:03:29,453 - INFO - Depth 22 completed in 0.000306s
2025-07-08 07:03:29,453 - INFO -   Nodes: 4, Terminal: 0, Pruned: 0
2025-07-08 07:03:29,453 - INFO -   Best move: (CardPosition(rank=4, suit=1), (1, 6)), Score: 1.887
2025-07-08 07:03:29,454 - INFO - Depth 23 completed in 0.000307s
2025-07-08 07:03:29,454 - INFO -   Nodes: 4, Terminal: 0, Pruned: 0
2025-07-08 07:03:29,454 - INFO -   Best move: (CardPosition(rank=4, suit=1), (1, 6)), Score: 1.887
2025-07-08 07:03:29,454 - INFO - Depth 24 completed in 0.000305s
2025-07-08 07:03:29,454 - INFO -   Nodes: 4, Terminal: 0, Pruned: 0
2025-07-08 07:03:29,454 - INFO -   Best move: (CardPosition(rank=4, suit=1), (1, 6)), Score: 1.887
2025-07-08 07:03:29,454 - INFO - Depth 25 completed in 0.000305s
2025-07-08 07:03:29,454 - INFO -   Nodes: 4, Terminal: 0, Pruned: 0
2025-07-08 07:03:29,455 - INFO -   Best move: (CardPosition(rank=4, suit=1), (1, 6)), Score: 1.887
2025-07-08 07:03:29,455 - INFO - Iterative deepening completed: depth 25/25
2025-07-08 07:03:29,455 - INFO - === Search Completed ===
2025-07-08 07:03:29,455 - INFO - Positions evaluated: 100
2025-07-08 07:03:29,455 - INFO - Time taken: 0.011489s
2025-07-08 07:03:29,455 - INFO - Positions/second: 8703.64
2025-07-08 07:03:29,455 - INFO - Max depth reached: 1
2025-07-08 07:03:29,455 - INFO - Average depth reached: 1.00
2025-07-08 07:03:29,455 - INFO - Average branching factor: 5.50
2025-07-08 07:03:29,455 - INFO - Cache hits: 96
2025-07-08 07:03:29,455 - INFO - Cache misses: 4
2025-07-08 07:03:29,455 - INFO - Cache hit rate: 96.0%
2025-07-08 07:03:29,455 - INFO - Transposition table size: 4
2025-07-08 07:03:29,455 - INFO - === Search Started ===
2025-07-08 07:03:29,455 - INFO - Position: 7 legal moves available
2025-07-08 07:03:29,455 - INFO - Max search depth: 25
2025-07-08 07:03:29,456 - INFO - Depth 1 completed in 0.001269s
2025-07-08 07:03:29,456 - INFO -   Nodes: 7, Terminal: 7, Pruned: 0
2025-07-08 07:03:29,456 - INFO -   Best move: (CardPosition(rank=2, suit=1), (1, 0)), Score: 3.774
2025-07-08 07:03:29,457 - INFO - Depth 2 completed in 0.000537s
2025-07-08 07:03:29,457 - INFO -   Nodes: 7, Terminal: 0, Pruned: 0
2025-07-08 07:03:29,457 - INFO -   Best move: (CardPosition(rank=2, suit=1), (1, 0)), Score: 3.774
2025-07-08 07:03:29,458 - INFO - Depth 3 completed in 0.000532s
2025-07-08 07:03:29,458 - INFO -   Nodes: 7, Terminal: 0, Pruned: 0
2025-07-08 07:03:29,458 - INFO -   Best move: (CardPosition(rank=2, suit=1), (1, 0)), Score: 3.774
2025-07-08 07:03:29,459 - INFO - Depth 4 completed in 0.000687s
2025-07-08 07:03:29,459 - INFO -   Nodes: 7, Terminal: 0, Pruned: 0
2025-07-08 07:03:29,459 - INFO -   Best move: (CardPosition(rank=2, suit=1), (1, 0)), Score: 3.774
2025-07-08 07:03:29,459 - INFO - Depth 5 completed in 0.000529s
2025-07-08 07:03:29,459 - INFO -   Nodes: 7, Terminal: 0, Pruned: 0
2025-07-08 07:03:29,459 - INFO -   Best move: (CardPosition(rank=2, suit=1), (1, 0)), Score: 3.774
2025-07-08 07:03:29,460 - INFO - Depth 6 completed in 0.000552s
2025-07-08 07:03:29,460 - INFO -   Nodes: 7, Terminal: 0, Pruned: 0
2025-07-08 07:03:29,460 - INFO -   Best move: (CardPosition(rank=2, suit=1), (1, 0)), Score: 3.774
2025-07-08 07:03:29,460 - INFO - Depth 7 completed in 0.000521s
2025-07-08 07:03:29,461 - INFO -   Nodes: 7, Terminal: 0, Pruned: 0
2025-07-08 07:03:29,461 - INFO -   Best move: (CardPosition(rank=2, suit=1), (1, 0)), Score: 3.774
2025-07-08 07:03:29,461 - INFO - Depth 8 completed in 0.000551s
2025-07-08 07:03:29,461 - INFO -   Nodes: 7, Terminal: 0, Pruned: 0
2025-07-08 07:03:29,461 - INFO -   Best move: (CardPosition(rank=2, suit=1), (1, 0)), Score: 3.774
2025-07-08 07:03:29,462 - INFO - Depth 9 completed in 0.000533s
2025-07-08 07:03:29,462 - INFO -   Nodes: 7, Terminal: 0, Pruned: 0
2025-07-08 07:03:29,462 - INFO -   Best move: (CardPosition(rank=2, suit=1), (1, 0)), Score: 3.774
2025-07-08 07:03:29,462 - INFO - Depth 10 completed in 0.000534s
2025-07-08 07:03:29,462 - INFO -   Nodes: 7, Terminal: 0, Pruned: 0
2025-07-08 07:03:29,463 - INFO -   Best move: (CardPosition(rank=2, suit=1), (1, 0)), Score: 3.774
2025-07-08 07:03:29,463 - INFO - Depth 11 completed in 0.000538s
2025-07-08 07:03:29,463 - INFO -   Nodes: 7, Terminal: 0, Pruned: 0
2025-07-08 07:03:29,463 - INFO -   Best move: (CardPosition(rank=2, suit=1), (1, 0)), Score: 3.774
2025-07-08 07:03:29,464 - INFO - Depth 12 completed in 0.000535s
2025-07-08 07:03:29,464 - INFO -   Nodes: 7, Terminal: 0, Pruned: 0
2025-07-08 07:03:29,464 - INFO -   Best move: (CardPosition(rank=2, suit=1), (1, 0)), Score: 3.774
2025-07-08 07:03:29,464 - INFO - Depth 13 completed in 0.000534s
2025-07-08 07:03:29,464 - INFO -   Nodes: 7, Terminal: 0, Pruned: 0
2025-07-08 07:03:29,464 - INFO -   Best move: (CardPosition(rank=2, suit=1), (1, 0)), Score: 3.774
2025-07-08 07:03:29,465 - INFO - Depth 14 completed in 0.000589s
2025-07-08 07:03:29,465 - INFO -   Nodes: 7, Terminal: 0, Pruned: 0
2025-07-08 07:03:29,465 - INFO -   Best move: (CardPosition(rank=2, suit=1), (1, 0)), Score: 3.774
2025-07-08 07:03:29,466 - INFO - Depth 15 completed in 0.000551s
2025-07-08 07:03:29,466 - INFO -   Nodes: 7, Terminal: 0, Pruned: 0
2025-07-08 07:03:29,466 - INFO -   Best move: (CardPosition(rank=2, suit=1), (1, 0)), Score: 3.774
2025-07-08 07:03:29,466 - INFO - Depth 16 completed in 0.000551s
2025-07-08 07:03:29,466 - INFO -   Nodes: 7, Terminal: 0, Pruned: 0
2025-07-08 07:03:29,467 - INFO -   Best move: (CardPosition(rank=2, suit=1), (1, 0)), Score: 3.774
2025-07-08 07:03:29,467 - INFO - Depth 17 completed in 0.000551s
2025-07-08 07:03:29,467 - INFO -   Nodes: 7, Terminal: 0, Pruned: 0
2025-07-08 07:03:29,467 - INFO -   Best move: (CardPosition(rank=2, suit=1), (1, 0)), Score: 3.774
2025-07-08 07:03:29,468 - INFO - Depth 18 completed in 0.000553s
2025-07-08 07:03:29,468 - INFO -   Nodes: 7, Terminal: 0, Pruned: 0
2025-07-08 07:03:29,468 - INFO -   Best move: (CardPosition(rank=2, suit=1), (1, 0)), Score: 3.774
2025-07-08 07:03:29,469 - INFO - Depth 19 completed in 0.000675s
2025-07-08 07:03:29,469 - INFO -   Nodes: 7, Terminal: 0, Pruned: 0
2025-07-08 07:03:29,469 - INFO -   Best move: (CardPosition(rank=2, suit=1), (1, 0)), Score: 3.774
2025-07-08 07:03:29,469 - INFO - Depth 20 completed in 0.000567s
2025-07-08 07:03:29,469 - INFO -   Nodes: 7, Terminal: 0, Pruned: 0
2025-07-08 07:03:29,469 - INFO -   Best move: (CardPosition(rank=2, suit=1), (1, 0)), Score: 3.774
2025-07-08 07:03:29,470 - INFO - Depth 21 completed in 0.000554s
2025-07-08 07:03:29,470 - INFO -   Nodes: 7, Terminal: 0, Pruned: 0
2025-07-08 07:03:29,470 - INFO -   Best move: (CardPosition(rank=2, suit=1), (1, 0)), Score: 3.774
2025-07-08 07:03:29,471 - INFO - Depth 22 completed in 0.000577s
2025-07-08 07:03:29,471 - INFO -   Nodes: 7, Terminal: 0, Pruned: 0
2025-07-08 07:03:29,471 - INFO -   Best move: (CardPosition(rank=2, suit=1), (1, 0)), Score: 3.774
2025-07-08 07:03:29,471 - INFO - Depth 23 completed in 0.000553s
2025-07-08 07:03:29,471 - INFO -   Nodes: 7, Terminal: 0, Pruned: 0
2025-07-08 07:03:29,471 - INFO -   Best move: (CardPosition(rank=2, suit=1), (1, 0)), Score: 3.774
2025-07-08 07:03:29,472 - INFO - Depth 24 completed in 0.000560s
2025-07-08 07:03:29,472 - INFO -   Nodes: 7, Terminal: 0, Pruned: 0
2025-07-08 07:03:29,472 - INFO -   Best move: (CardPosition(rank=2, suit=1), (1, 0)), Score: 3.774
2025-07-08 07:03:29,473 - INFO - Depth 25 completed in 0.000550s
2025-07-08 07:03:29,473 - INFO -   Nodes: 7, Terminal: 0, Pruned: 0
2025-07-08 07:03:29,473 - INFO -   Best move: (CardPosition(rank=2, suit=1), (1, 0)), Score: 3.774
2025-07-08 07:03:29,473 - INFO - Iterative deepening completed: depth 25/25
2025-07-08 07:03:29,473 - INFO - === Search Completed ===
2025-07-08 07:03:29,473 - INFO - Positions evaluated: 175
2025-07-08 07:03:29,473 - INFO - Time taken: 0.017754s
2025-07-08 07:03:29,473 - INFO - Positions/second: 9856.87
2025-07-08 07:03:29,473 - INFO - Max depth reached: 1
2025-07-08 07:03:29,473 - INFO - Average depth reached: 1.00
2025-07-08 07:03:29,473 - INFO - Average branching factor: 5.57
2025-07-08 07:03:29,473 - INFO - Cache hits: 168
2025-07-08 07:03:29,473 - INFO - Cache misses: 7
2025-07-08 07:03:29,473 - INFO - Cache hit rate: 96.0%
2025-07-08 07:03:29,473 - INFO - Transposition table size: 7
2025-07-08 07:03:29,473 - INFO - === Search Started ===
2025-07-08 07:03:29,473 - INFO - Position: 4 legal moves available
2025-07-08 07:03:29,473 - INFO - Max search depth: 25
2025-07-08 07:03:29,474 - INFO - Depth 1 completed in 0.000731s
2025-07-08 07:03:29,474 - INFO -   Nodes: 4, Terminal: 4, Pruned: 0
2025-07-08 07:03:29,474 - INFO -   Best move: (CardPosition(rank=6, suit=3), (1, 9)), Score: 3.774
2025-07-08 07:03:29,475 - INFO - Depth 2 completed in 0.000314s
2025-07-08 07:03:29,475 - INFO -   Nodes: 4, Terminal: 0, Pruned: 0
2025-07-08 07:03:29,475 - INFO -   Best move: (CardPosition(rank=6, suit=3), (1, 9)), Score: 3.774
2025-07-08 07:03:29,475 - INFO - Depth 3 completed in 0.000312s
2025-07-08 07:03:29,475 - INFO -   Nodes: 4, Terminal: 0, Pruned: 0
2025-07-08 07:03:29,475 - INFO -   Best move: (CardPosition(rank=6, suit=3), (1, 9)), Score: 3.774
2025-07-08 07:03:29,475 - INFO - Depth 4 completed in 0.000309s
2025-07-08 07:03:29,475 - INFO -   Nodes: 4, Terminal: 0, Pruned: 0
2025-07-08 07:03:29,476 - INFO -   Best move: (CardPosition(rank=6, suit=3), (1, 9)), Score: 3.774
2025-07-08 07:03:29,476 - INFO - Depth 5 completed in 0.000308s
2025-07-08 07:03:29,476 - INFO -   Nodes: 4, Terminal: 0, Pruned: 0
2025-07-08 07:03:29,476 - INFO -   Best move: (CardPosition(rank=6, suit=3), (1, 9)), Score: 3.774
2025-07-08 07:03:29,476 - INFO - Depth 6 completed in 0.000308s
2025-07-08 07:03:29,476 - INFO -   Nodes: 4, Terminal: 0, Pruned: 0
2025-07-08 07:03:29,476 - INFO -   Best move: (CardPosition(rank=6, suit=3), (1, 9)), Score: 3.774
2025-07-08 07:03:29,477 - INFO - Depth 7 completed in 0.000308s
2025-07-08 07:03:29,477 - INFO -   Nodes: 4, Terminal: 0, Pruned: 0
2025-07-08 07:03:29,477 - INFO -   Best move: (CardPosition(rank=6, suit=3), (1, 9)), Score: 3.774
2025-07-08 07:03:29,477 - INFO - Depth 8 completed in 0.000329s
2025-07-08 07:03:29,477 - INFO -   Nodes: 4, Terminal: 0, Pruned: 0
2025-07-08 07:03:29,477 - INFO -   Best move: (CardPosition(rank=6, suit=3), (1, 9)), Score: 3.774
2025-07-08 07:03:29,478 - INFO - Depth 9 completed in 0.000310s
2025-07-08 07:03:29,478 - INFO -   Nodes: 4, Terminal: 0, Pruned: 0
2025-07-08 07:03:29,478 - INFO -   Best move: (CardPosition(rank=6, suit=3), (1, 9)), Score: 3.774
2025-07-08 07:03:29,478 - INFO - Depth 10 completed in 0.000314s
2025-07-08 07:03:29,478 - INFO -   Nodes: 4, Terminal: 0, Pruned: 0
2025-07-08 07:03:29,478 - INFO -   Best move: (CardPosition(rank=6, suit=3), (1, 9)), Score: 3.774
2025-07-08 07:03:29,478 - INFO - Depth 11 completed in 0.000310s
2025-07-08 07:03:29,479 - INFO -   Nodes: 4, Terminal: 0, Pruned: 0
2025-07-08 07:03:29,479 - INFO -   Best move: (CardPosition(rank=6, suit=3), (1, 9)), Score: 3.774
2025-07-08 07:03:29,479 - INFO - Depth 12 completed in 0.000308s
2025-07-08 07:03:29,479 - INFO -   Nodes: 4, Terminal: 0, Pruned: 0
2025-07-08 07:03:29,479 - INFO -   Best move: (CardPosition(rank=6, suit=3), (1, 9)), Score: 3.774
2025-07-08 07:03:29,479 - INFO - Depth 13 completed in 0.000307s
2025-07-08 07:03:29,479 - INFO -   Nodes: 4, Terminal: 0, Pruned: 0
2025-07-08 07:03:29,479 - INFO -   Best move: (CardPosition(rank=6, suit=3), (1, 9)), Score: 3.774
2025-07-08 07:03:29,480 - INFO - Depth 14 completed in 0.000307s
2025-07-08 07:03:29,480 - INFO -   Nodes: 4, Terminal: 0, Pruned: 0
2025-07-08 07:03:29,480 - INFO -   Best move: (CardPosition(rank=6, suit=3), (1, 9)), Score: 3.774
2025-07-08 07:03:29,480 - INFO - Depth 15 completed in 0.000309s
2025-07-08 07:03:29,480 - INFO -   Nodes: 4, Terminal: 0, Pruned: 0
2025-07-08 07:03:29,480 - INFO -   Best move: (CardPosition(rank=6, suit=3), (1, 9)), Score: 3.774
2025-07-08 07:03:29,481 - INFO - Depth 16 completed in 0.000308s
2025-07-08 07:03:29,481 - INFO -   Nodes: 4, Terminal: 0, Pruned: 0
2025-07-08 07:03:29,481 - INFO -   Best move: (CardPosition(rank=6, suit=3), (1, 9)), Score: 3.774
2025-07-08 07:03:29,481 - INFO - Depth 17 completed in 0.000306s
2025-07-08 07:03:29,481 - INFO -   Nodes: 4, Terminal: 0, Pruned: 0
2025-07-08 07:03:29,481 - INFO -   Best move: (CardPosition(rank=6, suit=3), (1, 9)), Score: 3.774
2025-07-08 07:03:29,481 - INFO - Depth 18 completed in 0.000308s
2025-07-08 07:03:29,481 - INFO -   Nodes: 4, Terminal: 0, Pruned: 0
2025-07-08 07:03:29,482 - INFO -   Best move: (CardPosition(rank=6, suit=3), (1, 9)), Score: 3.774
2025-07-08 07:03:29,482 - INFO - Depth 19 completed in 0.000297s
2025-07-08 07:03:29,482 - INFO -   Nodes: 4, Terminal: 0, Pruned: 0
2025-07-08 07:03:29,482 - INFO -   Best move: (CardPosition(rank=6, suit=3), (1, 9)), Score: 3.774
2025-07-08 07:03:29,482 - INFO - Depth 20 completed in 0.000296s
2025-07-08 07:03:29,482 - INFO -   Nodes: 4, Terminal: 0, Pruned: 0
2025-07-08 07:03:29,482 - INFO -   Best move: (CardPosition(rank=6, suit=3), (1, 9)), Score: 3.774
2025-07-08 07:03:29,483 - INFO - Depth 21 completed in 0.000297s
2025-07-08 07:03:29,483 - INFO -   Nodes: 4, Terminal: 0, Pruned: 0
2025-07-08 07:03:29,483 - INFO -   Best move: (CardPosition(rank=6, suit=3), (1, 9)), Score: 3.774
2025-07-08 07:03:29,483 - INFO - Depth 22 completed in 0.000316s
2025-07-08 07:03:29,483 - INFO -   Nodes: 4, Terminal: 0, Pruned: 0
2025-07-08 07:03:29,483 - INFO -   Best move: (CardPosition(rank=6, suit=3), (1, 9)), Score: 3.774
2025-07-08 07:03:29,484 - INFO - Depth 23 completed in 0.000298s
2025-07-08 07:03:29,484 - INFO -   Nodes: 4, Terminal: 0, Pruned: 0
2025-07-08 07:03:29,484 - INFO -   Best move: (CardPosition(rank=6, suit=3), (1, 9)), Score: 3.774
2025-07-08 07:03:29,484 - INFO - Depth 24 completed in 0.000303s
2025-07-08 07:03:29,484 - INFO -   Nodes: 4, Terminal: 0, Pruned: 0
2025-07-08 07:03:29,484 - INFO -   Best move: (CardPosition(rank=6, suit=3), (1, 9)), Score: 3.774
2025-07-08 07:03:29,484 - INFO - Depth 25 completed in 0.000388s
2025-07-08 07:03:29,484 - INFO -   Nodes: 4, Terminal: 0, Pruned: 0
2025-07-08 07:03:29,485 - INFO -   Best move: (CardPosition(rank=6, suit=3), (1, 9)), Score: 3.774
2025-07-08 07:03:29,485 - INFO - Iterative deepening completed: depth 25/25
2025-07-08 07:03:29,485 - INFO - === Search Completed ===
2025-07-08 07:03:29,485 - INFO - Positions evaluated: 100
2025-07-08 07:03:29,485 - INFO - Time taken: 0.011245s
2025-07-08 07:03:29,485 - INFO - Positions/second: 8893.13
2025-07-08 07:03:29,485 - INFO - Max depth reached: 1
2025-07-08 07:03:29,485 - INFO - Average depth reached: 1.00
2025-07-08 07:03:29,485 - INFO - Average branching factor: 4.25
2025-07-08 07:03:29,485 - INFO - Cache hits: 96
2025-07-08 07:03:29,485 - INFO - Cache misses: 4
2025-07-08 07:03:29,485 - INFO - Cache hit rate: 96.0%
2025-07-08 07:03:29,485 - INFO - Transposition table size: 4
2025-07-08 07:03:29,485 - INFO - === Search Started ===
2025-07-08 07:03:29,485 - INFO - Position: 4 legal moves available
2025-07-08 07:03:29,485 - INFO - Max search depth: 25
2025-07-08 07:03:29,486 - INFO - Depth 1 completed in 0.000741s
2025-07-08 07:03:29,486 - INFO -   Nodes: 4, Terminal: 4, Pruned: 0
2025-07-08 07:03:29,486 - INFO -   Best move: (CardPosition(rank=9, suit=2), (2, 7)), Score: 3.774
2025-07-08 07:03:29,486 - INFO - Depth 2 completed in 0.000309s
2025-07-08 07:03:29,486 - INFO -   Nodes: 4, Terminal: 0, Pruned: 0
2025-07-08 07:03:29,486 - INFO -   Best move: (CardPosition(rank=9, suit=2), (2, 7)), Score: 3.774
2025-07-08 07:03:29,487 - INFO - Depth 3 completed in 0.000302s
2025-07-08 07:03:29,487 - INFO -   Nodes: 4, Terminal: 0, Pruned: 0
2025-07-08 07:03:29,487 - INFO -   Best move: (CardPosition(rank=9, suit=2), (2, 7)), Score: 3.774
2025-07-08 07:03:29,487 - INFO - Depth 4 completed in 0.000302s
2025-07-08 07:03:29,487 - INFO -   Nodes: 4, Terminal: 0, Pruned: 0
2025-07-08 07:03:29,487 - INFO -   Best move: (CardPosition(rank=9, suit=2), (2, 7)), Score: 3.774
2025-07-08 07:03:29,488 - INFO - Depth 5 completed in 0.000298s
2025-07-08 07:03:29,488 - INFO -   Nodes: 4, Terminal: 0, Pruned: 0
2025-07-08 07:03:29,488 - INFO -   Best move: (CardPosition(rank=9, suit=2), (2, 7)), Score: 3.774
2025-07-08 07:03:29,488 - INFO - Depth 6 completed in 0.000298s
2025-07-08 07:03:29,488 - INFO -   Nodes: 4, Terminal: 0, Pruned: 0
2025-07-08 07:03:29,488 - INFO -   Best move: (CardPosition(rank=9, suit=2), (2, 7)), Score: 3.774
2025-07-08 07:03:29,488 - INFO - Depth 7 completed in 0.000299s
2025-07-08 07:03:29,489 - INFO -   Nodes: 4, Terminal: 0, Pruned: 0
2025-07-08 07:03:29,489 - INFO -   Best move: (CardPosition(rank=9, suit=2), (2, 7)), Score: 3.774
2025-07-08 07:03:29,489 - INFO - Depth 8 completed in 0.000301s
2025-07-08 07:03:29,489 - INFO -   Nodes: 4, Terminal: 0, Pruned: 0
2025-07-08 07:03:29,489 - INFO -   Best move: (CardPosition(rank=9, suit=2), (2, 7)), Score: 3.774
2025-07-08 07:03:29,489 - INFO - Depth 9 completed in 0.000299s
2025-07-08 07:03:29,489 - INFO -   Nodes: 4, Terminal: 0, Pruned: 0
2025-07-08 07:03:29,489 - INFO -   Best move: (CardPosition(rank=9, suit=2), (2, 7)), Score: 3.774
2025-07-08 07:03:29,490 - INFO - Depth 10 completed in 0.000299s
2025-07-08 07:03:29,490 - INFO -   Nodes: 4, Terminal: 0, Pruned: 0
2025-07-08 07:03:29,490 - INFO -   Best move: (CardPosition(rank=9, suit=2), (2, 7)), Score: 3.774
2025-07-08 07:03:29,490 - INFO - Depth 11 completed in 0.000320s
2025-07-08 07:03:29,490 - INFO -   Nodes: 4, Terminal: 0, Pruned: 0
2025-07-08 07:03:29,490 - INFO -   Best move: (CardPosition(rank=9, suit=2), (2, 7)), Score: 3.774
2025-07-08 07:03:29,491 - INFO - Depth 12 completed in 0.000299s
2025-07-08 07:03:29,491 - INFO -   Nodes: 4, Terminal: 0, Pruned: 0
2025-07-08 07:03:29,491 - INFO -   Best move: (CardPosition(rank=9, suit=2), (2, 7)), Score: 3.774
2025-07-08 07:03:29,491 - INFO - Depth 13 completed in 0.000316s
2025-07-08 07:03:29,491 - INFO -   Nodes: 4, Terminal: 0, Pruned: 0
2025-07-08 07:03:29,491 - INFO -   Best move: (CardPosition(rank=9, suit=2), (2, 7)), Score: 3.774
2025-07-08 07:03:29,491 - INFO - Depth 14 completed in 0.000336s
2025-07-08 07:03:29,492 - INFO -   Nodes: 4, Terminal: 0, Pruned: 0
2025-07-08 07:03:29,492 - INFO -   Best move: (CardPosition(rank=9, suit=2), (2, 7)), Score: 3.774
2025-07-08 07:03:29,492 - INFO - Depth 15 completed in 0.000298s
2025-07-08 07:03:29,492 - INFO -   Nodes: 4, Terminal: 0, Pruned: 0
2025-07-08 07:03:29,492 - INFO -   Best move: (CardPosition(rank=9, suit=2), (2, 7)), Score: 3.774
2025-07-08 07:03:29,492 - INFO - Depth 16 completed in 0.000298s
2025-07-08 07:03:29,492 - INFO -   Nodes: 4, Terminal: 0, Pruned: 0
2025-07-08 07:03:29,492 - INFO -   Best move: (CardPosition(rank=9, suit=2), (2, 7)), Score: 3.774
2025-07-08 07:03:29,493 - INFO - Depth 17 completed in 0.000299s
2025-07-08 07:03:29,493 - INFO -   Nodes: 4, Terminal: 0, Pruned: 0
2025-07-08 07:03:29,493 - INFO -   Best move: (CardPosition(rank=9, suit=2), (2, 7)), Score: 3.774
2025-07-08 07:03:29,493 - INFO - Depth 18 completed in 0.000297s
2025-07-08 07:03:29,493 - INFO -   Nodes: 4, Terminal: 0, Pruned: 0
2025-07-08 07:03:29,493 - INFO -   Best move: (CardPosition(rank=9, suit=2), (2, 7)), Score: 3.774
2025-07-08 07:03:29,494 - INFO - Depth 19 completed in 0.000307s
2025-07-08 07:03:29,494 - INFO -   Nodes: 4, Terminal: 0, Pruned: 0
2025-07-08 07:03:29,494 - INFO -   Best move: (CardPosition(rank=9, suit=2), (2, 7)), Score: 3.774
2025-07-08 07:03:29,494 - INFO - Depth 20 completed in 0.000307s
2025-07-08 07:03:29,494 - INFO -   Nodes: 4, Terminal: 0, Pruned: 0
2025-07-08 07:03:29,494 - INFO -   Best move: (CardPosition(rank=9, suit=2), (2, 7)), Score: 3.774
2025-07-08 07:03:29,494 - INFO - Depth 21 completed in 0.000302s
2025-07-08 07:03:29,494 - INFO -   Nodes: 4, Terminal: 0, Pruned: 0
2025-07-08 07:03:29,494 - INFO -   Best move: (CardPosition(rank=9, suit=2), (2, 7)), Score: 3.774
2025-07-08 07:03:29,495 - INFO - Depth 22 completed in 0.000297s
2025-07-08 07:03:29,495 - INFO -   Nodes: 4, Terminal: 0, Pruned: 0
2025-07-08 07:03:29,495 - INFO -   Best move: (CardPosition(rank=9, suit=2), (2, 7)), Score: 3.774
2025-07-08 07:03:29,495 - INFO - Depth 23 completed in 0.000299s
2025-07-08 07:03:29,495 - INFO -   Nodes: 4, Terminal: 0, Pruned: 0
2025-07-08 07:03:29,495 - INFO -   Best move: (CardPosition(rank=9, suit=2), (2, 7)), Score: 3.774
2025-07-08 07:03:29,496 - INFO - Depth 24 completed in 0.000297s
2025-07-08 07:03:29,496 - INFO -   Nodes: 4, Terminal: 0, Pruned: 0
2025-07-08 07:03:29,496 - INFO -   Best move: (CardPosition(rank=9, suit=2), (2, 7)), Score: 3.774
2025-07-08 07:03:29,496 - INFO - Depth 25 completed in 0.000317s
2025-07-08 07:03:29,496 - INFO -   Nodes: 4, Terminal: 0, Pruned: 0
2025-07-08 07:03:29,496 - INFO -   Best move: (CardPosition(rank=9, suit=2), (2, 7)), Score: 3.774
2025-07-08 07:03:29,496 - INFO - Iterative deepening completed: depth 25/25
2025-07-08 07:03:29,496 - INFO - === Search Completed ===
2025-07-08 07:03:29,496 - INFO - Positions evaluated: 100
2025-07-08 07:03:29,496 - INFO - Time taken: 0.011105s
2025-07-08 07:03:29,496 - INFO - Positions/second: 9004.93
2025-07-08 07:03:29,496 - INFO - Max depth reached: 1
2025-07-08 07:03:29,496 - INFO - Average depth reached: 1.00
2025-07-08 07:03:29,496 - INFO - Average branching factor: 4.25
2025-07-08 07:03:29,496 - INFO - Cache hits: 96
2025-07-08 07:03:29,497 - INFO - Cache misses: 4
2025-07-08 07:03:29,497 - INFO - Cache hit rate: 96.0%
2025-07-08 07:03:29,497 - INFO - Transposition table size: 4
2025-07-08 07:03:29,497 - INFO - === Search Started ===
2025-07-08 07:03:29,497 - INFO - Position: 4 legal moves available
2025-07-08 07:03:29,497 - INFO - Max search depth: 25
2025-07-08 07:03:29,498 - INFO - Depth 1 completed in 0.000716s
2025-07-08 07:03:29,498 - INFO -   Nodes: 4, Terminal: 4, Pruned: 0
2025-07-08 07:03:29,498 - INFO -   Best move: (CardPosition(rank=13, suit=3), (1, 3)), Score: 3.774
2025-07-08 07:03:29,498 - INFO - Depth 2 completed in 0.000312s
2025-07-08 07:03:29,498 - INFO -   Nodes: 4, Terminal: 0, Pruned: 0
2025-07-08 07:03:29,498 - INFO -   Best move: (CardPosition(rank=13, suit=3), (1, 3)), Score: 3.774
2025-07-08 07:03:29,498 - INFO - Depth 3 completed in 0.000325s
2025-07-08 07:03:29,498 - INFO -   Nodes: 4, Terminal: 0, Pruned: 0
2025-07-08 07:03:29,498 - INFO -   Best move: (CardPosition(rank=13, suit=3), (1, 3)), Score: 3.774
2025-07-08 07:03:29,499 - INFO - Depth 4 completed in 0.000313s
2025-07-08 07:03:29,499 - INFO -   Nodes: 4, Terminal: 0, Pruned: 0
2025-07-08 07:03:29,499 - INFO -   Best move: (CardPosition(rank=13, suit=3), (1, 3)), Score: 3.774
2025-07-08 07:03:29,499 - INFO - Depth 5 completed in 0.000296s
2025-07-08 07:03:29,499 - INFO -   Nodes: 4, Terminal: 0, Pruned: 0
2025-07-08 07:03:29,499 - INFO -   Best move: (CardPosition(rank=13, suit=3), (1, 3)), Score: 3.774
2025-07-08 07:03:29,500 - INFO - Depth 6 completed in 0.000296s
2025-07-08 07:03:29,500 - INFO -   Nodes: 4, Terminal: 0, Pruned: 0
2025-07-08 07:03:29,500 - INFO -   Best move: (CardPosition(rank=13, suit=3), (1, 3)), Score: 3.774
2025-07-08 07:03:29,500 - INFO - Depth 7 completed in 0.000298s
2025-07-08 07:03:29,500 - INFO -   Nodes: 4, Terminal: 0, Pruned: 0
2025-07-08 07:03:29,500 - INFO -   Best move: (CardPosition(rank=13, suit=3), (1, 3)), Score: 3.774
2025-07-08 07:03:29,501 - INFO - Depth 8 completed in 0.000302s
2025-07-08 07:03:29,501 - INFO -   Nodes: 4, Terminal: 0, Pruned: 0
2025-07-08 07:03:29,501 - INFO -   Best move: (CardPosition(rank=13, suit=3), (1, 3)), Score: 3.774
2025-07-08 07:03:29,501 - INFO - Depth 9 completed in 0.000298s
2025-07-08 07:03:29,501 - INFO -   Nodes: 4, Terminal: 0, Pruned: 0
2025-07-08 07:03:29,501 - INFO -   Best move: (CardPosition(rank=13, suit=3), (1, 3)), Score: 3.774
2025-07-08 07:03:29,501 - INFO - Depth 10 completed in 0.000295s
2025-07-08 07:03:29,501 - INFO -   Nodes: 4, Terminal: 0, Pruned: 0
2025-07-08 07:03:29,501 - INFO -   Best move: (CardPosition(rank=13, suit=3), (1, 3)), Score: 3.774
2025-07-08 07:03:29,502 - INFO - Depth 11 completed in 0.000295s
2025-07-08 07:03:29,502 - INFO -   Nodes: 4, Terminal: 0, Pruned: 0
2025-07-08 07:03:29,502 - INFO -   Best move: (CardPosition(rank=13, suit=3), (1, 3)), Score: 3.774
2025-07-08 07:03:29,502 - INFO - Depth 12 completed in 0.000293s
2025-07-08 07:03:29,502 - INFO -   Nodes: 4, Terminal: 0, Pruned: 0
2025-07-08 07:03:29,502 - INFO -   Best move: (CardPosition(rank=13, suit=3), (1, 3)), Score: 3.774
2025-07-08 07:03:29,503 - INFO - Depth 13 completed in 0.000294s
2025-07-08 07:03:29,503 - INFO -   Nodes: 4, Terminal: 0, Pruned: 0
2025-07-08 07:03:29,503 - INFO -   Best move: (CardPosition(rank=13, suit=3), (1, 3)), Score: 3.774
2025-07-08 07:03:29,503 - INFO - Depth 14 completed in 0.000315s
2025-07-08 07:03:29,503 - INFO -   Nodes: 4, Terminal: 0, Pruned: 0
2025-07-08 07:03:29,503 - INFO -   Best move: (CardPosition(rank=13, suit=3), (1, 3)), Score: 3.774
2025-07-08 07:03:29,503 - INFO - Depth 15 completed in 0.000296s
2025-07-08 07:03:29,503 - INFO -   Nodes: 4, Terminal: 0, Pruned: 0
2025-07-08 07:03:29,503 - INFO -   Best move: (CardPosition(rank=13, suit=3), (1, 3)), Score: 3.774
2025-07-08 07:03:29,504 - INFO - Depth 16 completed in 0.000301s
2025-07-08 07:03:29,504 - INFO -   Nodes: 4, Terminal: 0, Pruned: 0
2025-07-08 07:03:29,504 - INFO -   Best move: (CardPosition(rank=13, suit=3), (1, 3)), Score: 3.774
2025-07-08 07:03:29,504 - INFO - Depth 17 completed in 0.000294s
2025-07-08 07:03:29,504 - INFO -   Nodes: 4, Terminal: 0, Pruned: 0
2025-07-08 07:03:29,504 - INFO -   Best move: (CardPosition(rank=13, suit=3), (1, 3)), Score: 3.774
2025-07-08 07:03:29,505 - INFO - Depth 18 completed in 0.000316s
2025-07-08 07:03:29,505 - INFO -   Nodes: 4, Terminal: 0, Pruned: 0
2025-07-08 07:03:29,505 - INFO -   Best move: (CardPosition(rank=13, suit=3), (1, 3)), Score: 3.774
2025-07-08 07:03:29,505 - INFO - Depth 19 completed in 0.000288s
2025-07-08 07:03:29,505 - INFO -   Nodes: 4, Terminal: 0, Pruned: 0
2025-07-08 07:03:29,505 - INFO -   Best move: (CardPosition(rank=13, suit=3), (1, 3)), Score: 3.774
2025-07-08 07:03:29,506 - INFO - Depth 20 completed in 0.000287s
2025-07-08 07:03:29,506 - INFO -   Nodes: 4, Terminal: 0, Pruned: 0
2025-07-08 07:03:29,506 - INFO -   Best move: (CardPosition(rank=13, suit=3), (1, 3)), Score: 3.774
2025-07-08 07:03:29,506 - INFO - Depth 21 completed in 0.000287s
2025-07-08 07:03:29,506 - INFO -   Nodes: 4, Terminal: 0, Pruned: 0
2025-07-08 07:03:29,506 - INFO -   Best move: (CardPosition(rank=13, suit=3), (1, 3)), Score: 3.774
2025-07-08 07:03:29,506 - INFO - Depth 22 completed in 0.000290s
2025-07-08 07:03:29,506 - INFO -   Nodes: 4, Terminal: 0, Pruned: 0
2025-07-08 07:03:29,506 - INFO -   Best move: (CardPosition(rank=13, suit=3), (1, 3)), Score: 3.774
2025-07-08 07:03:29,507 - INFO - Depth 23 completed in 0.000296s
2025-07-08 07:03:29,507 - INFO -   Nodes: 4, Terminal: 0, Pruned: 0
2025-07-08 07:03:29,507 - INFO -   Best move: (CardPosition(rank=13, suit=3), (1, 3)), Score: 3.774
2025-07-08 07:03:29,507 - INFO - Depth 24 completed in 0.000287s
2025-07-08 07:03:29,507 - INFO -   Nodes: 4, Terminal: 0, Pruned: 0
2025-07-08 07:03:29,507 - INFO -   Best move: (CardPosition(rank=13, suit=3), (1, 3)), Score: 3.774
2025-07-08 07:03:29,508 - INFO - Depth 25 completed in 0.000287s
2025-07-08 07:03:29,508 - INFO -   Nodes: 4, Terminal: 0, Pruned: 0
2025-07-08 07:03:29,508 - INFO -   Best move: (CardPosition(rank=13, suit=3), (1, 3)), Score: 3.774
2025-07-08 07:03:29,508 - INFO - Iterative deepening completed: depth 25/25
2025-07-08 07:03:29,508 - INFO - === Search Completed ===
2025-07-08 07:03:29,508 - INFO - Positions evaluated: 100
2025-07-08 07:03:29,508 - INFO - Time taken: 0.010897s
2025-07-08 07:03:29,508 - INFO - Positions/second: 9176.61
2025-07-08 07:03:29,508 - INFO - Max depth reached: 1
2025-07-08 07:03:29,508 - INFO - Average depth reached: 1.00
2025-07-08 07:03:29,508 - INFO - Average branching factor: 4.25
2025-07-08 07:03:29,508 - INFO - Cache hits: 96
2025-07-08 07:03:29,508 - INFO - Cache misses: 4
2025-07-08 07:03:29,508 - INFO - Cache hit rate: 96.0%
2025-07-08 07:03:29,508 - INFO - Transposition table size: 4
2025-07-08 07:03:29,508 - INFO - === Search Started ===
2025-07-08 07:03:29,508 - INFO - Position: 4 legal moves available
2025-07-08 07:03:29,508 - INFO - Max search depth: 25
2025-07-08 07:03:29,509 - INFO - Depth 1 completed in 0.000672s
2025-07-08 07:03:29,509 - INFO -   Nodes: 4, Terminal: 4, Pruned: 0
2025-07-08 07:03:29,509 - INFO -   Best move: (CardPosition(rank=13, suit=1), (2, 11)), Score: 3.774
2025-07-08 07:03:29,509 - INFO - Depth 2 completed in 0.000299s
2025-07-08 07:03:29,509 - INFO -   Nodes: 4, Terminal: 0, Pruned: 0
2025-07-08 07:03:29,509 - INFO -   Best move: (CardPosition(rank=13, suit=1), (2, 11)), Score: 3.774
2025-07-08 07:03:29,510 - INFO - Depth 3 completed in 0.000315s
2025-07-08 07:03:29,510 - INFO -   Nodes: 4, Terminal: 0, Pruned: 0
2025-07-08 07:03:29,510 - INFO -   Best move: (CardPosition(rank=13, suit=1), (2, 11)), Score: 3.774
2025-07-08 07:03:29,510 - INFO - Depth 4 completed in 0.000277s
2025-07-08 07:03:29,510 - INFO -   Nodes: 4, Terminal: 0, Pruned: 0
2025-07-08 07:03:29,510 - INFO -   Best move: (CardPosition(rank=13, suit=1), (2, 11)), Score: 3.774
2025-07-08 07:03:29,511 - INFO - Depth 5 completed in 0.000278s
2025-07-08 07:03:29,511 - INFO -   Nodes: 4, Terminal: 0, Pruned: 0
2025-07-08 07:03:29,511 - INFO -   Best move: (CardPosition(rank=13, suit=1), (2, 11)), Score: 3.774
2025-07-08 07:03:29,511 - INFO - Depth 6 completed in 0.000269s
2025-07-08 07:03:29,511 - INFO -   Nodes: 4, Terminal: 0, Pruned: 0
2025-07-08 07:03:29,511 - INFO -   Best move: (CardPosition(rank=13, suit=1), (2, 11)), Score: 3.774
2025-07-08 07:03:29,511 - INFO - Depth 7 completed in 0.000275s
2025-07-08 07:03:29,511 - INFO -   Nodes: 4, Terminal: 0, Pruned: 0
2025-07-08 07:03:29,511 - INFO -   Best move: (CardPosition(rank=13, suit=1), (2, 11)), Score: 3.774
2025-07-08 07:03:29,512 - INFO - Depth 8 completed in 0.000280s
2025-07-08 07:03:29,512 - INFO -   Nodes: 4, Terminal: 0, Pruned: 0
2025-07-08 07:03:29,512 - INFO -   Best move: (CardPosition(rank=13, suit=1), (2, 11)), Score: 3.774
2025-07-08 07:03:29,512 - INFO - Depth 9 completed in 0.000263s
2025-07-08 07:03:29,512 - INFO -   Nodes: 4, Terminal: 0, Pruned: 0
2025-07-08 07:03:29,512 - INFO -   Best move: (CardPosition(rank=13, suit=1), (2, 11)), Score: 3.774
2025-07-08 07:03:29,512 - INFO - Depth 10 completed in 0.000263s
2025-07-08 07:03:29,512 - INFO -   Nodes: 4, Terminal: 0, Pruned: 0
2025-07-08 07:03:29,512 - INFO -   Best move: (CardPosition(rank=13, suit=1), (2, 11)), Score: 3.774
2025-07-08 07:03:29,513 - INFO - Depth 11 completed in 0.000273s
2025-07-08 07:03:29,513 - INFO -   Nodes: 4, Terminal: 0, Pruned: 0
2025-07-08 07:03:29,513 - INFO -   Best move: (CardPosition(rank=13, suit=1), (2, 11)), Score: 3.774
2025-07-08 07:03:29,513 - INFO - Depth 12 completed in 0.000255s
2025-07-08 07:03:29,513 - INFO -   Nodes: 4, Terminal: 0, Pruned: 0
2025-07-08 07:03:29,513 - INFO -   Best move: (CardPosition(rank=13, suit=1), (2, 11)), Score: 3.774
2025-07-08 07:03:29,513 - INFO - Depth 13 completed in 0.000254s
2025-07-08 07:03:29,514 - INFO -   Nodes: 4, Terminal: 0, Pruned: 0
2025-07-08 07:03:29,514 - INFO -   Best move: (CardPosition(rank=13, suit=1), (2, 11)), Score: 3.774
2025-07-08 07:03:29,514 - INFO - Depth 14 completed in 0.000254s
2025-07-08 07:03:29,514 - INFO -   Nodes: 4, Terminal: 0, Pruned: 0
2025-07-08 07:03:29,514 - INFO -   Best move: (CardPosition(rank=13, suit=1), (2, 11)), Score: 3.774
2025-07-08 07:03:29,514 - INFO - Depth 15 completed in 0.000249s
2025-07-08 07:03:29,514 - INFO -   Nodes: 4, Terminal: 0, Pruned: 0
2025-07-08 07:03:29,514 - INFO -   Best move: (CardPosition(rank=13, suit=1), (2, 11)), Score: 3.774
2025-07-08 07:03:29,515 - INFO - Depth 16 completed in 0.000356s
2025-07-08 07:03:29,515 - INFO -   Nodes: 4, Terminal: 0, Pruned: 0
2025-07-08 07:03:29,515 - INFO -   Best move: (CardPosition(rank=13, suit=1), (2, 11)), Score: 3.774
2025-07-08 07:03:29,515 - INFO - Depth 17 completed in 0.000260s
2025-07-08 07:03:29,515 - INFO -   Nodes: 4, Terminal: 0, Pruned: 0
2025-07-08 07:03:29,515 - INFO -   Best move: (CardPosition(rank=13, suit=1), (2, 11)), Score: 3.774
2025-07-08 07:03:29,515 - INFO - Depth 18 completed in 0.000238s
2025-07-08 07:03:29,515 - INFO -   Nodes: 4, Terminal: 0, Pruned: 0
2025-07-08 07:03:29,515 - INFO -   Best move: (CardPosition(rank=13, suit=1), (2, 11)), Score: 3.774
2025-07-08 07:03:29,516 - INFO - Depth 19 completed in 0.000351s
2025-07-08 07:03:29,516 - INFO -   Nodes: 4, Terminal: 0, Pruned: 0
2025-07-08 07:03:29,516 - INFO -   Best move: (CardPosition(rank=13, suit=1), (2, 11)), Score: 3.774
2025-07-08 07:03:29,516 - INFO - Depth 20 completed in 0.000245s
2025-07-08 07:03:29,516 - INFO -   Nodes: 4, Terminal: 0, Pruned: 0
2025-07-08 07:03:29,516 - INFO -   Best move: (CardPosition(rank=13, suit=1), (2, 11)), Score: 3.774
2025-07-08 07:03:29,516 - INFO - Depth 21 completed in 0.000238s
2025-07-08 07:03:29,516 - INFO -   Nodes: 4, Terminal: 0, Pruned: 0
2025-07-08 07:03:29,517 - INFO -   Best move: (CardPosition(rank=13, suit=1), (2, 11)), Score: 3.774
2025-07-08 07:03:29,517 - INFO - Depth 22 completed in 0.000233s
2025-07-08 07:03:29,517 - INFO -   Nodes: 4, Terminal: 0, Pruned: 0
2025-07-08 07:03:29,517 - INFO -   Best move: (CardPosition(rank=13, suit=1), (2, 11)), Score: 3.774
2025-07-08 07:03:29,517 - INFO - Depth 23 completed in 0.000234s
2025-07-08 07:03:29,517 - INFO -   Nodes: 4, Terminal: 0, Pruned: 0
2025-07-08 07:03:29,517 - INFO -   Best move: (CardPosition(rank=13, suit=1), (2, 11)), Score: 3.774
2025-07-08 07:03:29,517 - INFO - Depth 24 completed in 0.000234s
2025-07-08 07:03:29,517 - INFO -   Nodes: 4, Terminal: 0, Pruned: 0
2025-07-08 07:03:29,517 - INFO -   Best move: (CardPosition(rank=13, suit=1), (2, 11)), Score: 3.774
2025-07-08 07:03:29,518 - INFO - Depth 25 completed in 0.000231s
2025-07-08 07:03:29,518 - INFO -   Nodes: 4, Terminal: 0, Pruned: 0
2025-07-08 07:03:29,518 - INFO -   Best move: (CardPosition(rank=13, suit=1), (2, 11)), Score: 3.774
2025-07-08 07:03:29,518 - INFO - Iterative deepening completed: depth 25/25
2025-07-08 07:03:29,518 - INFO - === Search Completed ===
2025-07-08 07:03:29,518 - INFO - Positions evaluated: 100
2025-07-08 07:03:29,518 - INFO - Time taken: 0.009683s
2025-07-08 07:03:29,518 - INFO - Positions/second: 10327.39
2025-07-08 07:03:29,518 - INFO - Max depth reached: 1
2025-07-08 07:03:29,518 - INFO - Average depth reached: 1.00
2025-07-08 07:03:29,518 - INFO - Average branching factor: 4.25
2025-07-08 07:03:29,518 - INFO - Cache hits: 96
2025-07-08 07:03:29,518 - INFO - Cache misses: 4
2025-07-08 07:03:29,518 - INFO - Cache hit rate: 96.0%
2025-07-08 07:03:29,518 - INFO - Transposition table size: 4
2025-07-08 07:03:29,518 - INFO - === Search Started ===
2025-07-08 07:03:29,518 - INFO - Position: 4 legal moves available
2025-07-08 07:03:29,518 - INFO - Max search depth: 25
2025-07-08 07:03:29,519 - INFO - Depth 1 completed in 0.000539s
2025-07-08 07:03:29,519 - INFO -   Nodes: 4, Terminal: 4, Pruned: 0
2025-07-08 07:03:29,519 - INFO -   Best move: (CardPosition(rank=3, suit=3), (2, 9)), Score: 3.774
2025-07-08 07:03:29,519 - INFO - Depth 2 completed in 0.000229s
2025-07-08 07:03:29,519 - INFO -   Nodes: 4, Terminal: 0, Pruned: 0
2025-07-08 07:03:29,519 - INFO -   Best move: (CardPosition(rank=3, suit=3), (2, 9)), Score: 3.774
2025-07-08 07:03:29,519 - INFO - Depth 3 completed in 0.000228s
2025-07-08 07:03:29,520 - INFO -   Nodes: 4, Terminal: 0, Pruned: 0
2025-07-08 07:03:29,520 - INFO -   Best move: (CardPosition(rank=3, suit=3), (2, 9)), Score: 3.774
2025-07-08 07:03:29,520 - INFO - Depth 4 completed in 0.000226s
2025-07-08 07:03:29,520 - INFO -   Nodes: 4, Terminal: 0, Pruned: 0
2025-07-08 07:03:29,520 - INFO -   Best move: (CardPosition(rank=3, suit=3), (2, 9)), Score: 3.774
2025-07-08 07:03:29,520 - INFO - Depth 5 completed in 0.000240s
2025-07-08 07:03:29,520 - INFO -   Nodes: 4, Terminal: 0, Pruned: 0
2025-07-08 07:03:29,520 - INFO -   Best move: (CardPosition(rank=3, suit=3), (2, 9)), Score: 3.774
2025-07-08 07:03:29,520 - INFO - Depth 6 completed in 0.000226s
2025-07-08 07:03:29,520 - INFO -   Nodes: 4, Terminal: 0, Pruned: 0
2025-07-08 07:03:29,521 - INFO -   Best move: (CardPosition(rank=3, suit=3), (2, 9)), Score: 3.774
2025-07-08 07:03:29,521 - INFO - Depth 7 completed in 0.000226s
2025-07-08 07:03:29,521 - INFO -   Nodes: 4, Terminal: 0, Pruned: 0
2025-07-08 07:03:29,521 - INFO -   Best move: (CardPosition(rank=3, suit=3), (2, 9)), Score: 3.774
2025-07-08 07:03:29,521 - INFO - Depth 8 completed in 0.000226s
2025-07-08 07:03:29,521 - INFO -   Nodes: 4, Terminal: 0, Pruned: 0
2025-07-08 07:03:29,521 - INFO -   Best move: (CardPosition(rank=3, suit=3), (2, 9)), Score: 3.774
2025-07-08 07:03:29,521 - INFO - Depth 9 completed in 0.000226s
2025-07-08 07:03:29,521 - INFO -   Nodes: 4, Terminal: 0, Pruned: 0
2025-07-08 07:03:29,521 - INFO -   Best move: (CardPosition(rank=3, suit=3), (2, 9)), Score: 3.774
2025-07-08 07:03:29,522 - INFO - Depth 10 completed in 0.000232s
2025-07-08 07:03:29,522 - INFO -   Nodes: 4, Terminal: 0, Pruned: 0
2025-07-08 07:03:29,522 - INFO -   Best move: (CardPosition(rank=3, suit=3), (2, 9)), Score: 3.774
2025-07-08 07:03:29,522 - INFO - Depth 11 completed in 0.000227s
2025-07-08 07:03:29,522 - INFO -   Nodes: 4, Terminal: 0, Pruned: 0
2025-07-08 07:03:29,522 - INFO -   Best move: (CardPosition(rank=3, suit=3), (2, 9)), Score: 3.774
2025-07-08 07:03:29,522 - INFO - Depth 12 completed in 0.000226s
2025-07-08 07:03:29,522 - INFO -   Nodes: 4, Terminal: 0, Pruned: 0
2025-07-08 07:03:29,522 - INFO -   Best move: (CardPosition(rank=3, suit=3), (2, 9)), Score: 3.774
2025-07-08 07:03:29,523 - INFO - Depth 13 completed in 0.000226s
2025-07-08 07:03:29,523 - INFO -   Nodes: 4, Terminal: 0, Pruned: 0
2025-07-08 07:03:29,523 - INFO -   Best move: (CardPosition(rank=3, suit=3), (2, 9)), Score: 3.774
2025-07-08 07:03:29,523 - INFO - Depth 14 completed in 0.000225s
2025-07-08 07:03:29,523 - INFO -   Nodes: 4, Terminal: 0, Pruned: 0
2025-07-08 07:03:29,523 - INFO -   Best move: (CardPosition(rank=3, suit=3), (2, 9)), Score: 3.774
2025-07-08 07:03:29,523 - INFO - Depth 15 completed in 0.000225s
2025-07-08 07:03:29,523 - INFO -   Nodes: 4, Terminal: 0, Pruned: 0
2025-07-08 07:03:29,523 - INFO -   Best move: (CardPosition(rank=3, suit=3), (2, 9)), Score: 3.774
2025-07-08 07:03:29,524 - INFO - Depth 16 completed in 0.000225s
2025-07-08 07:03:29,524 - INFO -   Nodes: 4, Terminal: 0, Pruned: 0
2025-07-08 07:03:29,524 - INFO -   Best move: (CardPosition(rank=3, suit=3), (2, 9)), Score: 3.774
2025-07-08 07:03:29,524 - INFO - Depth 17 completed in 0.000228s
2025-07-08 07:03:29,524 - INFO -   Nodes: 4, Terminal: 0, Pruned: 0
2025-07-08 07:03:29,524 - INFO -   Best move: (CardPosition(rank=3, suit=3), (2, 9)), Score: 3.774
2025-07-08 07:03:29,524 - INFO - Depth 18 completed in 0.000225s
2025-07-08 07:03:29,524 - INFO -   Nodes: 4, Terminal: 0, Pruned: 0
2025-07-08 07:03:29,524 - INFO -   Best move: (CardPosition(rank=3, suit=3), (2, 9)), Score: 3.774
2025-07-08 07:03:29,525 - INFO - Depth 19 completed in 0.000241s
2025-07-08 07:03:29,525 - INFO -   Nodes: 4, Terminal: 0, Pruned: 0
2025-07-08 07:03:29,525 - INFO -   Best move: (CardPosition(rank=3, suit=3), (2, 9)), Score: 3.774
2025-07-08 07:03:29,525 - INFO - Depth 20 completed in 0.000231s
2025-07-08 07:03:29,525 - INFO -   Nodes: 4, Terminal: 0, Pruned: 0
2025-07-08 07:03:29,525 - INFO -   Best move: (CardPosition(rank=3, suit=3), (2, 9)), Score: 3.774
2025-07-08 07:03:29,525 - INFO - Depth 21 completed in 0.000226s
2025-07-08 07:03:29,525 - INFO -   Nodes: 4, Terminal: 0, Pruned: 0
2025-07-08 07:03:29,525 - INFO -   Best move: (CardPosition(rank=3, suit=3), (2, 9)), Score: 3.774
2025-07-08 07:03:29,526 - INFO - Depth 22 completed in 0.000227s
2025-07-08 07:03:29,526 - INFO -   Nodes: 4, Terminal: 0, Pruned: 0
2025-07-08 07:03:29,526 - INFO -   Best move: (CardPosition(rank=3, suit=3), (2, 9)), Score: 3.774
2025-07-08 07:03:29,526 - INFO - Depth 23 completed in 0.000226s
2025-07-08 07:03:29,526 - INFO -   Nodes: 4, Terminal: 0, Pruned: 0
2025-07-08 07:03:29,526 - INFO -   Best move: (CardPosition(rank=3, suit=3), (2, 9)), Score: 3.774
2025-07-08 07:03:29,526 - INFO - Depth 24 completed in 0.000225s
2025-07-08 07:03:29,526 - INFO -   Nodes: 4, Terminal: 0, Pruned: 0
2025-07-08 07:03:29,526 - INFO -   Best move: (CardPosition(rank=3, suit=3), (2, 9)), Score: 3.774
2025-07-08 07:03:29,526 - INFO - Depth 25 completed in 0.000226s
2025-07-08 07:03:29,526 - INFO -   Nodes: 4, Terminal: 0, Pruned: 0
2025-07-08 07:03:29,527 - INFO -   Best move: (CardPosition(rank=3, suit=3), (2, 9)), Score: 3.774
2025-07-08 07:03:29,527 - INFO - Iterative deepening completed: depth 25/25
2025-07-08 07:03:29,527 - INFO - === Search Completed ===
2025-07-08 07:03:29,527 - INFO - Positions evaluated: 100
2025-07-08 07:03:29,527 - INFO - Time taken: 0.008322s
2025-07-08 07:03:29,527 - INFO - Positions/second: 12015.70
2025-07-08 07:03:29,527 - INFO - Max depth reached: 1
2025-07-08 07:03:29,527 - INFO - Average depth reached: 1.00
2025-07-08 07:03:29,527 - INFO - Average branching factor: 4.75
2025-07-08 07:03:29,527 - INFO - Cache hits: 96
2025-07-08 07:03:29,527 - INFO - Cache misses: 4
2025-07-08 07:03:29,527 - INFO - Cache hit rate: 96.0%
2025-07-08 07:03:29,527 - INFO - Transposition table size: 4
2025-07-08 07:03:29,527 - INFO - === Search Started ===
2025-07-08 07:03:29,527 - INFO - Position: 6 legal moves available
2025-07-08 07:03:29,527 - INFO - Max search depth: 25
2025-07-08 07:03:29,528 - INFO - Depth 1 completed in 0.000822s
2025-07-08 07:03:29,528 - INFO -   Nodes: 6, Terminal: 6, Pruned: 0
2025-07-08 07:03:29,528 - INFO -   Best move: (CardPosition(rank=2, suit=0), (0, 0)), Score: 5.660
2025-07-08 07:03:29,528 - INFO - Depth 2 completed in 0.000358s
2025-07-08 07:03:29,528 - INFO -   Nodes: 6, Terminal: 0, Pruned: 0
2025-07-08 07:03:29,528 - INFO -   Best move: (CardPosition(rank=2, suit=0), (0, 0)), Score: 5.660
2025-07-08 07:03:29,529 - INFO - Depth 3 completed in 0.000354s
2025-07-08 07:03:29,529 - INFO -   Nodes: 6, Terminal: 0, Pruned: 0
2025-07-08 07:03:29,529 - INFO -   Best move: (CardPosition(rank=2, suit=0), (0, 0)), Score: 5.660
2025-07-08 07:03:29,529 - INFO - Depth 4 completed in 0.000353s
2025-07-08 07:03:29,529 - INFO -   Nodes: 6, Terminal: 0, Pruned: 0
2025-07-08 07:03:29,529 - INFO -   Best move: (CardPosition(rank=2, suit=0), (0, 0)), Score: 5.660
2025-07-08 07:03:29,530 - INFO - Depth 5 completed in 0.000352s
2025-07-08 07:03:29,530 - INFO -   Nodes: 6, Terminal: 0, Pruned: 0
2025-07-08 07:03:29,530 - INFO -   Best move: (CardPosition(rank=2, suit=0), (0, 0)), Score: 5.660
2025-07-08 07:03:29,530 - INFO - Depth 6 completed in 0.000355s
2025-07-08 07:03:29,530 - INFO -   Nodes: 6, Terminal: 0, Pruned: 0
2025-07-08 07:03:29,530 - INFO -   Best move: (CardPosition(rank=2, suit=0), (0, 0)), Score: 5.660
2025-07-08 07:03:29,531 - INFO - Depth 7 completed in 0.000355s
2025-07-08 07:03:29,531 - INFO -   Nodes: 6, Terminal: 0, Pruned: 0
2025-07-08 07:03:29,531 - INFO -   Best move: (CardPosition(rank=2, suit=0), (0, 0)), Score: 5.660
2025-07-08 07:03:29,531 - INFO - Depth 8 completed in 0.000362s
2025-07-08 07:03:29,531 - INFO -   Nodes: 6, Terminal: 0, Pruned: 0
2025-07-08 07:03:29,531 - INFO -   Best move: (CardPosition(rank=2, suit=0), (0, 0)), Score: 5.660
2025-07-08 07:03:29,531 - INFO - Depth 9 completed in 0.000360s
2025-07-08 07:03:29,532 - INFO -   Nodes: 6, Terminal: 0, Pruned: 0
2025-07-08 07:03:29,532 - INFO -   Best move: (CardPosition(rank=2, suit=0), (0, 0)), Score: 5.660
2025-07-08 07:03:29,532 - INFO - Depth 10 completed in 0.000356s
2025-07-08 07:03:29,532 - INFO -   Nodes: 6, Terminal: 0, Pruned: 0
2025-07-08 07:03:29,532 - INFO -   Best move: (CardPosition(rank=2, suit=0), (0, 0)), Score: 5.660
2025-07-08 07:03:29,532 - INFO - Depth 11 completed in 0.000353s
2025-07-08 07:03:29,532 - INFO -   Nodes: 6, Terminal: 0, Pruned: 0
2025-07-08 07:03:29,532 - INFO -   Best move: (CardPosition(rank=2, suit=0), (0, 0)), Score: 5.660
2025-07-08 07:03:29,533 - INFO - Depth 12 completed in 0.000354s
2025-07-08 07:03:29,533 - INFO -   Nodes: 6, Terminal: 0, Pruned: 0
2025-07-08 07:03:29,533 - INFO -   Best move: (CardPosition(rank=2, suit=0), (0, 0)), Score: 5.660
2025-07-08 07:03:29,533 - INFO - Depth 13 completed in 0.000351s
2025-07-08 07:03:29,533 - INFO -   Nodes: 6, Terminal: 0, Pruned: 0
2025-07-08 07:03:29,533 - INFO -   Best move: (CardPosition(rank=2, suit=0), (0, 0)), Score: 5.660
2025-07-08 07:03:29,534 - INFO - Depth 14 completed in 0.000353s
2025-07-08 07:03:29,534 - INFO -   Nodes: 6, Terminal: 0, Pruned: 0
2025-07-08 07:03:29,534 - INFO -   Best move: (CardPosition(rank=2, suit=0), (0, 0)), Score: 5.660
2025-07-08 07:03:29,534 - INFO - Depth 15 completed in 0.000357s
2025-07-08 07:03:29,534 - INFO -   Nodes: 6, Terminal: 0, Pruned: 0
2025-07-08 07:03:29,534 - INFO -   Best move: (CardPosition(rank=2, suit=0), (0, 0)), Score: 5.660
2025-07-08 07:03:29,535 - INFO - Depth 16 completed in 0.000356s
2025-07-08 07:03:29,535 - INFO -   Nodes: 6, Terminal: 0, Pruned: 0
2025-07-08 07:03:29,535 - INFO -   Best move: (CardPosition(rank=2, suit=0), (0, 0)), Score: 5.660
2025-07-08 07:03:29,535 - INFO - Depth 17 completed in 0.000353s
2025-07-08 07:03:29,535 - INFO -   Nodes: 6, Terminal: 0, Pruned: 0
2025-07-08 07:03:29,535 - INFO -   Best move: (CardPosition(rank=2, suit=0), (0, 0)), Score: 5.660
2025-07-08 07:03:29,535 - INFO - Depth 18 completed in 0.000354s
2025-07-08 07:03:29,535 - INFO -   Nodes: 6, Terminal: 0, Pruned: 0
2025-07-08 07:03:29,536 - INFO -   Best move: (CardPosition(rank=2, suit=0), (0, 0)), Score: 5.660
2025-07-08 07:03:29,536 - INFO - Depth 19 completed in 0.000353s
2025-07-08 07:03:29,536 - INFO -   Nodes: 6, Terminal: 0, Pruned: 0
2025-07-08 07:03:29,536 - INFO -   Best move: (CardPosition(rank=2, suit=0), (0, 0)), Score: 5.660
2025-07-08 07:03:29,536 - INFO - Depth 20 completed in 0.000352s
2025-07-08 07:03:29,536 - INFO -   Nodes: 6, Terminal: 0, Pruned: 0
2025-07-08 07:03:29,536 - INFO -   Best move: (CardPosition(rank=2, suit=0), (0, 0)), Score: 5.660
2025-07-08 07:03:29,537 - INFO - Depth 21 completed in 0.000352s
2025-07-08 07:03:29,537 - INFO -   Nodes: 6, Terminal: 0, Pruned: 0
2025-07-08 07:03:29,537 - INFO -   Best move: (CardPosition(rank=2, suit=0), (0, 0)), Score: 5.660
2025-07-08 07:03:29,537 - INFO - Depth 22 completed in 0.000352s
2025-07-08 07:03:29,537 - INFO -   Nodes: 6, Terminal: 0, Pruned: 0
2025-07-08 07:03:29,537 - INFO -   Best move: (CardPosition(rank=2, suit=0), (0, 0)), Score: 5.660
2025-07-08 07:03:29,538 - INFO - Depth 23 completed in 0.000353s
2025-07-08 07:03:29,538 - INFO -   Nodes: 6, Terminal: 0, Pruned: 0
2025-07-08 07:03:29,538 - INFO -   Best move: (CardPosition(rank=2, suit=0), (0, 0)), Score: 5.660
2025-07-08 07:03:29,538 - INFO - Depth 24 completed in 0.000357s
2025-07-08 07:03:29,538 - INFO -   Nodes: 6, Terminal: 0, Pruned: 0
2025-07-08 07:03:29,538 - INFO -   Best move: (CardPosition(rank=2, suit=0), (0, 0)), Score: 5.660
2025-07-08 07:03:29,539 - INFO - Depth 25 completed in 0.000356s
2025-07-08 07:03:29,539 - INFO -   Nodes: 6, Terminal: 0, Pruned: 0
2025-07-08 07:03:29,539 - INFO -   Best move: (CardPosition(rank=2, suit=0), (0, 0)), Score: 5.660
2025-07-08 07:03:29,539 - INFO - Iterative deepening completed: depth 25/25
2025-07-08 07:03:29,539 - INFO - === Search Completed ===
2025-07-08 07:03:29,539 - INFO - Positions evaluated: 150
2025-07-08 07:03:29,539 - INFO - Time taken: 0.011744s
2025-07-08 07:03:29,539 - INFO - Positions/second: 12772.71
2025-07-08 07:03:29,539 - INFO - Max depth reached: 1
2025-07-08 07:03:29,539 - INFO - Average depth reached: 1.00
2025-07-08 07:03:29,539 - INFO - Average branching factor: 5.00
2025-07-08 07:03:29,539 - INFO - Cache hits: 144
2025-07-08 07:03:29,539 - INFO - Cache misses: 6
2025-07-08 07:03:29,539 - INFO - Cache hit rate: 96.0%
2025-07-08 07:03:29,539 - INFO - Transposition table size: 6
2025-07-08 07:03:29,539 - INFO - === Search Started ===
2025-07-08 07:03:29,539 - INFO - Position: 4 legal moves available
2025-07-08 07:03:29,539 - INFO - Max search depth: 25
2025-07-08 07:03:29,540 - INFO - Depth 1 completed in 0.000599s
2025-07-08 07:03:29,540 - INFO -   Nodes: 4, Terminal: 4, Pruned: 0
2025-07-08 07:03:29,540 - INFO -   Best move: (CardPosition(rank=5, suit=2), (1, 11)), Score: 5.660
2025-07-08 07:03:29,540 - INFO - Depth 2 completed in 0.000240s
2025-07-08 07:03:29,540 - INFO -   Nodes: 4, Terminal: 0, Pruned: 0
2025-07-08 07:03:29,540 - INFO -   Best move: (CardPosition(rank=5, suit=2), (1, 11)), Score: 5.660
2025-07-08 07:03:29,540 - INFO - Depth 3 completed in 0.000238s
2025-07-08 07:03:29,540 - INFO -   Nodes: 4, Terminal: 0, Pruned: 0
2025-07-08 07:03:29,540 - INFO -   Best move: (CardPosition(rank=5, suit=2), (1, 11)), Score: 5.660
2025-07-08 07:03:29,541 - INFO - Depth 4 completed in 0.000234s
2025-07-08 07:03:29,541 - INFO -   Nodes: 4, Terminal: 0, Pruned: 0
2025-07-08 07:03:29,541 - INFO -   Best move: (CardPosition(rank=5, suit=2), (1, 11)), Score: 5.660
2025-07-08 07:03:29,541 - INFO - Depth 5 completed in 0.000229s
2025-07-08 07:03:29,541 - INFO -   Nodes: 4, Terminal: 0, Pruned: 0
2025-07-08 07:03:29,541 - INFO -   Best move: (CardPosition(rank=5, suit=2), (1, 11)), Score: 5.660
2025-07-08 07:03:29,541 - INFO - Depth 6 completed in 0.000228s
2025-07-08 07:03:29,541 - INFO -   Nodes: 4, Terminal: 0, Pruned: 0
2025-07-08 07:03:29,541 - INFO -   Best move: (CardPosition(rank=5, suit=2), (1, 11)), Score: 5.660
2025-07-08 07:03:29,542 - INFO - Depth 7 completed in 0.000229s
2025-07-08 07:03:29,542 - INFO -   Nodes: 4, Terminal: 0, Pruned: 0
2025-07-08 07:03:29,542 - INFO -   Best move: (CardPosition(rank=5, suit=2), (1, 11)), Score: 5.660
2025-07-08 07:03:29,542 - INFO - Depth 8 completed in 0.000229s
2025-07-08 07:03:29,542 - INFO -   Nodes: 4, Terminal: 0, Pruned: 0
2025-07-08 07:03:29,542 - INFO -   Best move: (CardPosition(rank=5, suit=2), (1, 11)), Score: 5.660
2025-07-08 07:03:29,542 - INFO - Depth 9 completed in 0.000229s
2025-07-08 07:03:29,542 - INFO -   Nodes: 4, Terminal: 0, Pruned: 0
2025-07-08 07:03:29,542 - INFO -   Best move: (CardPosition(rank=5, suit=2), (1, 11)), Score: 5.660
2025-07-08 07:03:29,543 - INFO - Depth 10 completed in 0.000229s
2025-07-08 07:03:29,543 - INFO -   Nodes: 4, Terminal: 0, Pruned: 0
2025-07-08 07:03:29,543 - INFO -   Best move: (CardPosition(rank=5, suit=2), (1, 11)), Score: 5.660
2025-07-08 07:03:29,543 - INFO - Depth 11 completed in 0.000228s
2025-07-08 07:03:29,543 - INFO -   Nodes: 4, Terminal: 0, Pruned: 0
2025-07-08 07:03:29,543 - INFO -   Best move: (CardPosition(rank=5, suit=2), (1, 11)), Score: 5.660
2025-07-08 07:03:29,543 - INFO - Depth 12 completed in 0.000229s
2025-07-08 07:03:29,543 - INFO -   Nodes: 4, Terminal: 0, Pruned: 0
2025-07-08 07:03:29,543 - INFO -   Best move: (CardPosition(rank=5, suit=2), (1, 11)), Score: 5.660
2025-07-08 07:03:29,544 - INFO - Depth 13 completed in 0.000233s
2025-07-08 07:03:29,544 - INFO -   Nodes: 4, Terminal: 0, Pruned: 0
2025-07-08 07:03:29,544 - INFO -   Best move: (CardPosition(rank=5, suit=2), (1, 11)), Score: 5.660
2025-07-08 07:03:29,544 - INFO - Depth 14 completed in 0.000231s
2025-07-08 07:03:29,544 - INFO -   Nodes: 4, Terminal: 0, Pruned: 0
2025-07-08 07:03:29,544 - INFO -   Best move: (CardPosition(rank=5, suit=2), (1, 11)), Score: 5.660
2025-07-08 07:03:29,544 - INFO - Depth 15 completed in 0.000227s
2025-07-08 07:03:29,544 - INFO -   Nodes: 4, Terminal: 0, Pruned: 0
2025-07-08 07:03:29,544 - INFO -   Best move: (CardPosition(rank=5, suit=2), (1, 11)), Score: 5.660
2025-07-08 07:03:29,545 - INFO - Depth 16 completed in 0.000228s
2025-07-08 07:03:29,545 - INFO -   Nodes: 4, Terminal: 0, Pruned: 0
2025-07-08 07:03:29,545 - INFO -   Best move: (CardPosition(rank=5, suit=2), (1, 11)), Score: 5.660
2025-07-08 07:03:29,545 - INFO - Depth 17 completed in 0.000227s
2025-07-08 07:03:29,545 - INFO -   Nodes: 4, Terminal: 0, Pruned: 0
2025-07-08 07:03:29,545 - INFO -   Best move: (CardPosition(rank=5, suit=2), (1, 11)), Score: 5.660
2025-07-08 07:03:29,545 - INFO - Depth 18 completed in 0.000228s
2025-07-08 07:03:29,545 - INFO -   Nodes: 4, Terminal: 0, Pruned: 0
2025-07-08 07:03:29,545 - INFO -   Best move: (CardPosition(rank=5, suit=2), (1, 11)), Score: 5.660
2025-07-08 07:03:29,545 - INFO - Depth 19 completed in 0.000227s
2025-07-08 07:03:29,545 - INFO -   Nodes: 4, Terminal: 0, Pruned: 0
2025-07-08 07:03:29,546 - INFO -   Best move: (CardPosition(rank=5, suit=2), (1, 11)), Score: 5.660
2025-07-08 07:03:29,546 - INFO - Depth 20 completed in 0.000228s
2025-07-08 07:03:29,546 - INFO -   Nodes: 4, Terminal: 0, Pruned: 0
2025-07-08 07:03:29,546 - INFO -   Best move: (CardPosition(rank=5, suit=2), (1, 11)), Score: 5.660
2025-07-08 07:03:29,546 - INFO - Depth 21 completed in 0.000226s
2025-07-08 07:03:29,546 - INFO -   Nodes: 4, Terminal: 0, Pruned: 0
2025-07-08 07:03:29,546 - INFO -   Best move: (CardPosition(rank=5, suit=2), (1, 11)), Score: 5.660
2025-07-08 07:03:29,546 - INFO - Depth 22 completed in 0.000228s
2025-07-08 07:03:29,546 - INFO -   Nodes: 4, Terminal: 0, Pruned: 0
2025-07-08 07:03:29,546 - INFO -   Best move: (CardPosition(rank=5, suit=2), (1, 11)), Score: 5.660
2025-07-08 07:03:29,547 - INFO - Depth 23 completed in 0.000227s
2025-07-08 07:03:29,547 - INFO -   Nodes: 4, Terminal: 0, Pruned: 0
2025-07-08 07:03:29,547 - INFO -   Best move: (CardPosition(rank=5, suit=2), (1, 11)), Score: 5.660
2025-07-08 07:03:29,547 - INFO - Depth 24 completed in 0.000229s
2025-07-08 07:03:29,547 - INFO -   Nodes: 4, Terminal: 0, Pruned: 0
2025-07-08 07:03:29,547 - INFO -   Best move: (CardPosition(rank=5, suit=2), (1, 11)), Score: 5.660
2025-07-08 07:03:29,547 - INFO - Depth 25 completed in 0.000292s
2025-07-08 07:03:29,547 - INFO -   Nodes: 4, Terminal: 0, Pruned: 0
2025-07-08 07:03:29,547 - INFO -   Best move: (CardPosition(rank=5, suit=2), (1, 11)), Score: 5.660
2025-07-08 07:03:29,548 - INFO - Iterative deepening completed: depth 25/25
2025-07-08 07:03:29,548 - INFO - === Search Completed ===
2025-07-08 07:03:29,548 - INFO - Positions evaluated: 100
2025-07-08 07:03:29,548 - INFO - Time taken: 0.008455s
2025-07-08 07:03:29,548 - INFO - Positions/second: 11826.79
2025-07-08 07:03:29,548 - INFO - Max depth reached: 1
2025-07-08 07:03:29,548 - INFO - Average depth reached: 1.00
2025-07-08 07:03:29,548 - INFO - Average branching factor: 3.75
2025-07-08 07:03:29,548 - INFO - Cache hits: 96
2025-07-08 07:03:29,548 - INFO - Cache misses: 4
2025-07-08 07:03:29,548 - INFO - Cache hit rate: 96.0%
2025-07-08 07:03:29,548 - INFO - Transposition table size: 4
2025-07-08 07:03:29,548 - INFO - === Search Started ===
2025-07-08 07:03:29,548 - INFO - Position: 3 legal moves available
2025-07-08 07:03:29,548 - INFO - Max search depth: 25
2025-07-08 07:03:29,548 - INFO - Depth 1 completed in 0.000403s
2025-07-08 07:03:29,548 - INFO -   Nodes: 3, Terminal: 3, Pruned: 0
2025-07-08 07:03:29,548 - INFO -   Best move: (CardPosition(rank=9, suit=3), (0, 11)), Score: 5.660
2025-07-08 07:03:29,549 - INFO - Depth 2 completed in 0.000184s
2025-07-08 07:03:29,549 - INFO -   Nodes: 3, Terminal: 0, Pruned: 0
2025-07-08 07:03:29,549 - INFO -   Best move: (CardPosition(rank=9, suit=3), (0, 11)), Score: 5.660
2025-07-08 07:03:29,549 - INFO - Depth 3 completed in 0.000189s
2025-07-08 07:03:29,549 - INFO -   Nodes: 3, Terminal: 0, Pruned: 0
2025-07-08 07:03:29,549 - INFO -   Best move: (CardPosition(rank=9, suit=3), (0, 11)), Score: 5.660
2025-07-08 07:03:29,549 - INFO - Depth 4 completed in 0.000177s
2025-07-08 07:03:29,549 - INFO -   Nodes: 3, Terminal: 0, Pruned: 0
2025-07-08 07:03:29,549 - INFO -   Best move: (CardPosition(rank=9, suit=3), (0, 11)), Score: 5.660
2025-07-08 07:03:29,549 - INFO - Depth 5 completed in 0.000178s
2025-07-08 07:03:29,549 - INFO -   Nodes: 3, Terminal: 0, Pruned: 0
2025-07-08 07:03:29,550 - INFO -   Best move: (CardPosition(rank=9, suit=3), (0, 11)), Score: 5.660
2025-07-08 07:03:29,550 - INFO - Depth 6 completed in 0.000177s
2025-07-08 07:03:29,550 - INFO -   Nodes: 3, Terminal: 0, Pruned: 0
2025-07-08 07:03:29,550 - INFO -   Best move: (CardPosition(rank=9, suit=3), (0, 11)), Score: 5.660
2025-07-08 07:03:29,550 - INFO - Depth 7 completed in 0.000177s
2025-07-08 07:03:29,550 - INFO -   Nodes: 3, Terminal: 0, Pruned: 0
2025-07-08 07:03:29,550 - INFO -   Best move: (CardPosition(rank=9, suit=3), (0, 11)), Score: 5.660
2025-07-08 07:03:29,550 - INFO - Depth 8 completed in 0.000176s
2025-07-08 07:03:29,550 - INFO -   Nodes: 3, Terminal: 0, Pruned: 0
2025-07-08 07:03:29,550 - INFO -   Best move: (CardPosition(rank=9, suit=3), (0, 11)), Score: 5.660
2025-07-08 07:03:29,551 - INFO - Depth 9 completed in 0.000181s
2025-07-08 07:03:29,551 - INFO -   Nodes: 3, Terminal: 0, Pruned: 0
2025-07-08 07:03:29,551 - INFO -   Best move: (CardPosition(rank=9, suit=3), (0, 11)), Score: 5.660
2025-07-08 07:03:29,551 - INFO - Depth 10 completed in 0.000176s
2025-07-08 07:03:29,551 - INFO -   Nodes: 3, Terminal: 0, Pruned: 0
2025-07-08 07:03:29,551 - INFO -   Best move: (CardPosition(rank=9, suit=3), (0, 11)), Score: 5.660
2025-07-08 07:03:29,551 - INFO - Depth 11 completed in 0.000176s
2025-07-08 07:03:29,551 - INFO -   Nodes: 3, Terminal: 0, Pruned: 0
2025-07-08 07:03:29,551 - INFO -   Best move: (CardPosition(rank=9, suit=3), (0, 11)), Score: 5.660
2025-07-08 07:03:29,551 - INFO - Depth 12 completed in 0.000177s
2025-07-08 07:03:29,551 - INFO -   Nodes: 3, Terminal: 0, Pruned: 0
2025-07-08 07:03:29,551 - INFO -   Best move: (CardPosition(rank=9, suit=3), (0, 11)), Score: 5.660
2025-07-08 07:03:29,552 - INFO - Depth 13 completed in 0.000176s
2025-07-08 07:03:29,552 - INFO -   Nodes: 3, Terminal: 0, Pruned: 0
2025-07-08 07:03:29,552 - INFO -   Best move: (CardPosition(rank=9, suit=3), (0, 11)), Score: 5.660
2025-07-08 07:03:29,552 - INFO - Depth 14 completed in 0.000176s
2025-07-08 07:03:29,552 - INFO -   Nodes: 3, Terminal: 0, Pruned: 0
2025-07-08 07:03:29,552 - INFO -   Best move: (CardPosition(rank=9, suit=3), (0, 11)), Score: 5.660
2025-07-08 07:03:29,552 - INFO - Depth 15 completed in 0.000177s
2025-07-08 07:03:29,552 - INFO -   Nodes: 3, Terminal: 0, Pruned: 0
2025-07-08 07:03:29,552 - INFO -   Best move: (CardPosition(rank=9, suit=3), (0, 11)), Score: 5.660
2025-07-08 07:03:29,552 - INFO - Depth 16 completed in 0.000176s
2025-07-08 07:03:29,552 - INFO -   Nodes: 3, Terminal: 0, Pruned: 0
2025-07-08 07:03:29,552 - INFO -   Best move: (CardPosition(rank=9, suit=3), (0, 11)), Score: 5.660
2025-07-08 07:03:29,553 - INFO - Depth 17 completed in 0.000176s
2025-07-08 07:03:29,553 - INFO -   Nodes: 3, Terminal: 0, Pruned: 0
2025-07-08 07:03:29,553 - INFO -   Best move: (CardPosition(rank=9, suit=3), (0, 11)), Score: 5.660
2025-07-08 07:03:29,553 - INFO - Depth 18 completed in 0.000176s
2025-07-08 07:03:29,553 - INFO -   Nodes: 3, Terminal: 0, Pruned: 0
2025-07-08 07:03:29,553 - INFO -   Best move: (CardPosition(rank=9, suit=3), (0, 11)), Score: 5.660
2025-07-08 07:03:29,553 - INFO - Depth 19 completed in 0.000177s
2025-07-08 07:03:29,553 - INFO -   Nodes: 3, Terminal: 0, Pruned: 0
2025-07-08 07:03:29,553 - INFO -   Best move: (CardPosition(rank=9, suit=3), (0, 11)), Score: 5.660
2025-07-08 07:03:29,553 - INFO - Depth 20 completed in 0.000177s
2025-07-08 07:03:29,553 - INFO -   Nodes: 3, Terminal: 0, Pruned: 0
2025-07-08 07:03:29,553 - INFO -   Best move: (CardPosition(rank=9, suit=3), (0, 11)), Score: 5.660
2025-07-08 07:03:29,554 - INFO - Depth 21 completed in 0.000178s
2025-07-08 07:03:29,554 - INFO -   Nodes: 3, Terminal: 0, Pruned: 0
2025-07-08 07:03:29,554 - INFO -   Best move: (CardPosition(rank=9, suit=3), (0, 11)), Score: 5.660
2025-07-08 07:03:29,554 - INFO - Depth 22 completed in 0.000178s
2025-07-08 07:03:29,554 - INFO -   Nodes: 3, Terminal: 0, Pruned: 0
2025-07-08 07:03:29,554 - INFO -   Best move: (CardPosition(rank=9, suit=3), (0, 11)), Score: 5.660
2025-07-08 07:03:29,554 - INFO - Depth 23 completed in 0.000175s
2025-07-08 07:03:29,554 - INFO -   Nodes: 3, Terminal: 0, Pruned: 0
2025-07-08 07:03:29,554 - INFO -   Best move: (CardPosition(rank=9, suit=3), (0, 11)), Score: 5.660
2025-07-08 07:03:29,554 - INFO - Depth 24 completed in 0.000176s
2025-07-08 07:03:29,555 - INFO -   Nodes: 3, Terminal: 0, Pruned: 0
2025-07-08 07:03:29,555 - INFO -   Best move: (CardPosition(rank=9, suit=3), (0, 11)), Score: 5.660
2025-07-08 07:03:29,555 - INFO - Depth 25 completed in 0.000176s
2025-07-08 07:03:29,555 - INFO -   Nodes: 3, Terminal: 0, Pruned: 0
2025-07-08 07:03:29,555 - INFO -   Best move: (CardPosition(rank=9, suit=3), (0, 11)), Score: 5.660
2025-07-08 07:03:29,555 - INFO - Iterative deepening completed: depth 25/25
2025-07-08 07:03:29,555 - INFO - === Search Completed ===
2025-07-08 07:03:29,555 - INFO - Positions evaluated: 75
2025-07-08 07:03:29,555 - INFO - Time taken: 0.006942s
2025-07-08 07:03:29,555 - INFO - Positions/second: 10804.36
2025-07-08 07:03:29,555 - INFO - Max depth reached: 1
2025-07-08 07:03:29,555 - INFO - Average depth reached: 1.00
2025-07-08 07:03:29,555 - INFO - Average branching factor: 3.33
2025-07-08 07:03:29,555 - INFO - Cache hits: 72
2025-07-08 07:03:29,555 - INFO - Cache misses: 3
2025-07-08 07:03:29,555 - INFO - Cache hit rate: 96.0%
2025-07-08 07:03:29,555 - INFO - Transposition table size: 3
2025-07-08 07:03:29,555 - INFO - === Search Started ===
2025-07-08 07:03:29,555 - INFO - Position: 4 legal moves available
2025-07-08 07:03:29,555 - INFO - Max search depth: 25
2025-07-08 07:03:29,556 - INFO - Depth 1 completed in 0.000587s
2025-07-08 07:03:29,556 - INFO -   Nodes: 4, Terminal: 4, Pruned: 0
2025-07-08 07:03:29,556 - INFO -   Best move: (CardPosition(rank=12, suit=3), (0, 9)), Score: 5.660
2025-07-08 07:03:29,556 - INFO - Depth 2 completed in 0.000238s
2025-07-08 07:03:29,556 - INFO -   Nodes: 4, Terminal: 0, Pruned: 0
2025-07-08 07:03:29,556 - INFO -   Best move: (CardPosition(rank=12, suit=3), (0, 9)), Score: 5.660
2025-07-08 07:03:29,557 - INFO - Depth 3 completed in 0.000234s
2025-07-08 07:03:29,557 - INFO -   Nodes: 4, Terminal: 0, Pruned: 0
2025-07-08 07:03:29,557 - INFO -   Best move: (CardPosition(rank=12, suit=3), (0, 9)), Score: 5.660
2025-07-08 07:03:29,557 - INFO - Depth 4 completed in 0.000232s
2025-07-08 07:03:29,557 - INFO -   Nodes: 4, Terminal: 0, Pruned: 0
2025-07-08 07:03:29,557 - INFO -   Best move: (CardPosition(rank=12, suit=3), (0, 9)), Score: 5.660
2025-07-08 07:03:29,557 - INFO - Depth 5 completed in 0.000235s
2025-07-08 07:03:29,557 - INFO -   Nodes: 4, Terminal: 0, Pruned: 0
2025-07-08 07:03:29,557 - INFO -   Best move: (CardPosition(rank=12, suit=3), (0, 9)), Score: 5.660
2025-07-08 07:03:29,557 - INFO - Depth 6 completed in 0.000238s
2025-07-08 07:03:29,558 - INFO -   Nodes: 4, Terminal: 0, Pruned: 0
2025-07-08 07:03:29,558 - INFO -   Best move: (CardPosition(rank=12, suit=3), (0, 9)), Score: 5.660
2025-07-08 07:03:29,558 - INFO - Depth 7 completed in 0.000231s
2025-07-08 07:03:29,558 - INFO -   Nodes: 4, Terminal: 0, Pruned: 0
2025-07-08 07:03:29,558 - INFO -   Best move: (CardPosition(rank=12, suit=3), (0, 9)), Score: 5.660
2025-07-08 07:03:29,558 - INFO - Depth 8 completed in 0.000232s
2025-07-08 07:03:29,558 - INFO -   Nodes: 4, Terminal: 0, Pruned: 0
2025-07-08 07:03:29,558 - INFO -   Best move: (CardPosition(rank=12, suit=3), (0, 9)), Score: 5.660
2025-07-08 07:03:29,558 - INFO - Depth 9 completed in 0.000232s
2025-07-08 07:03:29,558 - INFO -   Nodes: 4, Terminal: 0, Pruned: 0
2025-07-08 07:03:29,559 - INFO -   Best move: (CardPosition(rank=12, suit=3), (0, 9)), Score: 5.660
2025-07-08 07:03:29,559 - INFO - Depth 10 completed in 0.000232s
2025-07-08 07:03:29,559 - INFO -   Nodes: 4, Terminal: 0, Pruned: 0
2025-07-08 07:03:29,559 - INFO -   Best move: (CardPosition(rank=12, suit=3), (0, 9)), Score: 5.660
2025-07-08 07:03:29,559 - INFO - Depth 11 completed in 0.000233s
2025-07-08 07:03:29,559 - INFO -   Nodes: 4, Terminal: 0, Pruned: 0
2025-07-08 07:03:29,559 - INFO -   Best move: (CardPosition(rank=12, suit=3), (0, 9)), Score: 5.660
2025-07-08 07:03:29,559 - INFO - Depth 12 completed in 0.000233s
2025-07-08 07:03:29,559 - INFO -   Nodes: 4, Terminal: 0, Pruned: 0
2025-07-08 07:03:29,559 - INFO -   Best move: (CardPosition(rank=12, suit=3), (0, 9)), Score: 5.660
2025-07-08 07:03:29,560 - INFO - Depth 13 completed in 0.000231s
2025-07-08 07:03:29,560 - INFO -   Nodes: 4, Terminal: 0, Pruned: 0
2025-07-08 07:03:29,560 - INFO -   Best move: (CardPosition(rank=12, suit=3), (0, 9)), Score: 5.660
2025-07-08 07:03:29,560 - INFO - Depth 14 completed in 0.000231s
2025-07-08 07:03:29,560 - INFO -   Nodes: 4, Terminal: 0, Pruned: 0
2025-07-08 07:03:29,560 - INFO -   Best move: (CardPosition(rank=12, suit=3), (0, 9)), Score: 5.660
2025-07-08 07:03:29,560 - INFO - Depth 15 completed in 0.000231s
2025-07-08 07:03:29,560 - INFO -   Nodes: 4, Terminal: 0, Pruned: 0
2025-07-08 07:03:29,560 - INFO -   Best move: (CardPosition(rank=12, suit=3), (0, 9)), Score: 5.660
2025-07-08 07:03:29,561 - INFO - Depth 16 completed in 0.000231s
2025-07-08 07:03:29,561 - INFO -   Nodes: 4, Terminal: 0, Pruned: 0
2025-07-08 07:03:29,561 - INFO -   Best move: (CardPosition(rank=12, suit=3), (0, 9)), Score: 5.660
2025-07-08 07:03:29,561 - INFO - Depth 17 completed in 0.000235s
2025-07-08 07:03:29,561 - INFO -   Nodes: 4, Terminal: 0, Pruned: 0
2025-07-08 07:03:29,561 - INFO -   Best move: (CardPosition(rank=12, suit=3), (0, 9)), Score: 5.660
2025-07-08 07:03:29,561 - INFO - Depth 18 completed in 0.000232s
2025-07-08 07:03:29,561 - INFO -   Nodes: 4, Terminal: 0, Pruned: 0
2025-07-08 07:03:29,561 - INFO -   Best move: (CardPosition(rank=12, suit=3), (0, 9)), Score: 5.660
2025-07-08 07:03:29,562 - INFO - Depth 19 completed in 0.000231s
2025-07-08 07:03:29,562 - INFO -   Nodes: 4, Terminal: 0, Pruned: 0
2025-07-08 07:03:29,562 - INFO -   Best move: (CardPosition(rank=12, suit=3), (0, 9)), Score: 5.660
2025-07-08 07:03:29,562 - INFO - Depth 20 completed in 0.000231s
2025-07-08 07:03:29,562 - INFO -   Nodes: 4, Terminal: 0, Pruned: 0
2025-07-08 07:03:29,562 - INFO -   Best move: (CardPosition(rank=12, suit=3), (0, 9)), Score: 5.660
2025-07-08 07:03:29,562 - INFO - Depth 21 completed in 0.000231s
2025-07-08 07:03:29,562 - INFO -   Nodes: 4, Terminal: 0, Pruned: 0
2025-07-08 07:03:29,562 - INFO -   Best move: (CardPosition(rank=12, suit=3), (0, 9)), Score: 5.660
2025-07-08 07:03:29,563 - INFO - Depth 22 completed in 0.000232s
2025-07-08 07:03:29,563 - INFO -   Nodes: 4, Terminal: 0, Pruned: 0
2025-07-08 07:03:29,563 - INFO -   Best move: (CardPosition(rank=12, suit=3), (0, 9)), Score: 5.660
2025-07-08 07:03:29,563 - INFO - Depth 23 completed in 0.000299s
2025-07-08 07:03:29,563 - INFO -   Nodes: 4, Terminal: 0, Pruned: 0
2025-07-08 07:03:29,563 - INFO -   Best move: (CardPosition(rank=12, suit=3), (0, 9)), Score: 5.660
2025-07-08 07:03:29,563 - INFO - Depth 24 completed in 0.000250s
2025-07-08 07:03:29,563 - INFO -   Nodes: 4, Terminal: 0, Pruned: 0
2025-07-08 07:03:29,563 - INFO -   Best move: (CardPosition(rank=12, suit=3), (0, 9)), Score: 5.660
2025-07-08 07:03:29,564 - INFO - Depth 25 completed in 0.000241s
2025-07-08 07:03:29,564 - INFO -   Nodes: 4, Terminal: 0, Pruned: 0
2025-07-08 07:03:29,564 - INFO -   Best move: (CardPosition(rank=12, suit=3), (0, 9)), Score: 5.660
2025-07-08 07:03:29,564 - INFO - Iterative deepening completed: depth 25/25
2025-07-08 07:03:29,564 - INFO - === Search Completed ===
2025-07-08 07:03:29,564 - INFO - Positions evaluated: 100
2025-07-08 07:03:29,564 - INFO - Time taken: 0.008587s
2025-07-08 07:03:29,564 - INFO - Positions/second: 11645.36
2025-07-08 07:03:29,564 - INFO - Max depth reached: 1
2025-07-08 07:03:29,564 - INFO - Average depth reached: 1.00
2025-07-08 07:03:29,564 - INFO - Average branching factor: 4.00
2025-07-08 07:03:29,564 - INFO - Cache hits: 96
2025-07-08 07:03:29,564 - INFO - Cache misses: 4
2025-07-08 07:03:29,564 - INFO - Cache hit rate: 96.0%
2025-07-08 07:03:29,564 - INFO - Transposition table size: 4
2025-07-08 07:03:29,564 - INFO - === Search Started ===
2025-07-08 07:03:29,564 - INFO - Position: 4 legal moves available
2025-07-08 07:03:29,564 - INFO - Max search depth: 25
2025-07-08 07:03:29,565 - INFO - Depth 1 completed in 0.000549s
2025-07-08 07:03:29,565 - INFO -   Nodes: 4, Terminal: 4, Pruned: 0
2025-07-08 07:03:29,565 - INFO -   Best move: (CardPosition(rank=5, suit=0), (1, 2)), Score: 5.660
2025-07-08 07:03:29,565 - INFO - Depth 2 completed in 0.000241s
2025-07-08 07:03:29,565 - INFO -   Nodes: 4, Terminal: 0, Pruned: 0
2025-07-08 07:03:29,565 - INFO -   Best move: (CardPosition(rank=5, suit=0), (1, 2)), Score: 5.660
2025-07-08 07:03:29,565 - INFO - Depth 3 completed in 0.000238s
2025-07-08 07:03:29,565 - INFO -   Nodes: 4, Terminal: 0, Pruned: 0
2025-07-08 07:03:29,566 - INFO -   Best move: (CardPosition(rank=5, suit=0), (1, 2)), Score: 5.660
2025-07-08 07:03:29,566 - INFO - Depth 4 completed in 0.000239s
2025-07-08 07:03:29,566 - INFO -   Nodes: 4, Terminal: 0, Pruned: 0
2025-07-08 07:03:29,566 - INFO -   Best move: (CardPosition(rank=5, suit=0), (1, 2)), Score: 5.660
2025-07-08 07:03:29,566 - INFO - Depth 5 completed in 0.000237s
2025-07-08 07:03:29,566 - INFO -   Nodes: 4, Terminal: 0, Pruned: 0
2025-07-08 07:03:29,566 - INFO -   Best move: (CardPosition(rank=5, suit=0), (1, 2)), Score: 5.660
2025-07-08 07:03:29,566 - INFO - Depth 6 completed in 0.000236s
2025-07-08 07:03:29,566 - INFO -   Nodes: 4, Terminal: 0, Pruned: 0
2025-07-08 07:03:29,566 - INFO -   Best move: (CardPosition(rank=5, suit=0), (1, 2)), Score: 5.660
2025-07-08 07:03:29,567 - INFO - Depth 7 completed in 0.000235s
2025-07-08 07:03:29,567 - INFO -   Nodes: 4, Terminal: 0, Pruned: 0
2025-07-08 07:03:29,567 - INFO -   Best move: (CardPosition(rank=5, suit=0), (1, 2)), Score: 5.660
2025-07-08 07:03:29,567 - INFO - Depth 8 completed in 0.000236s
2025-07-08 07:03:29,567 - INFO -   Nodes: 4, Terminal: 0, Pruned: 0
2025-07-08 07:03:29,567 - INFO -   Best move: (CardPosition(rank=5, suit=0), (1, 2)), Score: 5.660
2025-07-08 07:03:29,567 - INFO - Depth 9 completed in 0.000236s
2025-07-08 07:03:29,567 - INFO -   Nodes: 4, Terminal: 0, Pruned: 0
2025-07-08 07:03:29,567 - INFO -   Best move: (CardPosition(rank=5, suit=0), (1, 2)), Score: 5.660
2025-07-08 07:03:29,568 - INFO - Depth 10 completed in 0.000237s
2025-07-08 07:03:29,568 - INFO -   Nodes: 4, Terminal: 0, Pruned: 0
2025-07-08 07:03:29,568 - INFO -   Best move: (CardPosition(rank=5, suit=0), (1, 2)), Score: 5.660
2025-07-08 07:03:29,568 - INFO - Depth 11 completed in 0.000297s
2025-07-08 07:03:29,568 - INFO -   Nodes: 4, Terminal: 0, Pruned: 0
2025-07-08 07:03:29,568 - INFO -   Best move: (CardPosition(rank=5, suit=0), (1, 2)), Score: 5.660
2025-07-08 07:03:29,568 - INFO - Depth 12 completed in 0.000244s
2025-07-08 07:03:29,568 - INFO -   Nodes: 4, Terminal: 0, Pruned: 0
2025-07-08 07:03:29,569 - INFO -   Best move: (CardPosition(rank=5, suit=0), (1, 2)), Score: 5.660
2025-07-08 07:03:29,569 - INFO - Depth 13 completed in 0.000239s
2025-07-08 07:03:29,569 - INFO -   Nodes: 4, Terminal: 0, Pruned: 0
2025-07-08 07:03:29,569 - INFO -   Best move: (CardPosition(rank=5, suit=0), (1, 2)), Score: 5.660
2025-07-08 07:03:29,569 - INFO - Depth 14 completed in 0.000235s
2025-07-08 07:03:29,569 - INFO -   Nodes: 4, Terminal: 0, Pruned: 0
2025-07-08 07:03:29,569 - INFO -   Best move: (CardPosition(rank=5, suit=0), (1, 2)), Score: 5.660
2025-07-08 07:03:29,569 - INFO - Depth 15 completed in 0.000234s
2025-07-08 07:03:29,569 - INFO -   Nodes: 4, Terminal: 0, Pruned: 0
2025-07-08 07:03:29,569 - INFO -   Best move: (CardPosition(rank=5, suit=0), (1, 2)), Score: 5.660
2025-07-08 07:03:29,570 - INFO - Depth 16 completed in 0.000235s
2025-07-08 07:03:29,570 - INFO -   Nodes: 4, Terminal: 0, Pruned: 0
2025-07-08 07:03:29,570 - INFO -   Best move: (CardPosition(rank=5, suit=0), (1, 2)), Score: 5.660
2025-07-08 07:03:29,570 - INFO - Depth 17 completed in 0.000234s
2025-07-08 07:03:29,570 - INFO -   Nodes: 4, Terminal: 0, Pruned: 0
2025-07-08 07:03:29,570 - INFO -   Best move: (CardPosition(rank=5, suit=0), (1, 2)), Score: 5.660
2025-07-08 07:03:29,570 - INFO - Depth 18 completed in 0.000271s
2025-07-08 07:03:29,570 - INFO -   Nodes: 4, Terminal: 0, Pruned: 0
2025-07-08 07:03:29,570 - INFO -   Best move: (CardPosition(rank=5, suit=0), (1, 2)), Score: 5.660
2025-07-08 07:03:29,571 - INFO - Depth 19 completed in 0.000235s
2025-07-08 07:03:29,571 - INFO -   Nodes: 4, Terminal: 0, Pruned: 0
2025-07-08 07:03:29,571 - INFO -   Best move: (CardPosition(rank=5, suit=0), (1, 2)), Score: 5.660
2025-07-08 07:03:29,571 - INFO - Depth 20 completed in 0.000234s
2025-07-08 07:03:29,571 - INFO -   Nodes: 4, Terminal: 0, Pruned: 0
2025-07-08 07:03:29,571 - INFO -   Best move: (CardPosition(rank=5, suit=0), (1, 2)), Score: 5.660
2025-07-08 07:03:29,571 - INFO - Depth 21 completed in 0.000242s
2025-07-08 07:03:29,571 - INFO -   Nodes: 4, Terminal: 0, Pruned: 0
2025-07-08 07:03:29,571 - INFO -   Best move: (CardPosition(rank=5, suit=0), (1, 2)), Score: 5.660
2025-07-08 07:03:29,572 - INFO - Depth 22 completed in 0.000236s
2025-07-08 07:03:29,572 - INFO -   Nodes: 4, Terminal: 0, Pruned: 0
2025-07-08 07:03:29,572 - INFO -   Best move: (CardPosition(rank=5, suit=0), (1, 2)), Score: 5.660
2025-07-08 07:03:29,572 - INFO - Depth 23 completed in 0.000235s
2025-07-08 07:03:29,572 - INFO -   Nodes: 4, Terminal: 0, Pruned: 0
2025-07-08 07:03:29,572 - INFO -   Best move: (CardPosition(rank=5, suit=0), (1, 2)), Score: 5.660
2025-07-08 07:03:29,572 - INFO - Depth 24 completed in 0.000233s
2025-07-08 07:03:29,572 - INFO -   Nodes: 4, Terminal: 0, Pruned: 0
2025-07-08 07:03:29,572 - INFO -   Best move: (CardPosition(rank=5, suit=0), (1, 2)), Score: 5.660
2025-07-08 07:03:29,573 - INFO - Depth 25 completed in 0.000232s
2025-07-08 07:03:29,573 - INFO -   Nodes: 4, Terminal: 0, Pruned: 0
2025-07-08 07:03:29,573 - INFO -   Best move: (CardPosition(rank=5, suit=0), (1, 2)), Score: 5.660
2025-07-08 07:03:29,573 - INFO - Iterative deepening completed: depth 25/25
2025-07-08 07:03:29,573 - INFO - === Search Completed ===
2025-07-08 07:03:29,573 - INFO - Positions evaluated: 100
2025-07-08 07:03:29,573 - INFO - Time taken: 0.008596s
2025-07-08 07:03:29,573 - INFO - Positions/second: 11633.47
2025-07-08 07:03:29,573 - INFO - Max depth reached: 1
2025-07-08 07:03:29,573 - INFO - Average depth reached: 1.00
2025-07-08 07:03:29,573 - INFO - Average branching factor: 4.00
2025-07-08 07:03:29,573 - INFO - Cache hits: 96
2025-07-08 07:03:29,573 - INFO - Cache misses: 4
2025-07-08 07:03:29,573 - INFO - Cache hit rate: 96.0%
2025-07-08 07:03:29,573 - INFO - Transposition table size: 4
2025-07-08 07:03:29,573 - INFO - === Search Started ===
2025-07-08 07:03:29,573 - INFO - Position: 4 legal moves available
2025-07-08 07:03:29,573 - INFO - Max search depth: 25
2025-07-08 07:03:29,574 - INFO - Depth 1 completed in 0.000538s
2025-07-08 07:03:29,574 - INFO -   Nodes: 4, Terminal: 4, Pruned: 0
2025-07-08 07:03:29,574 - INFO -   Best move: (CardPosition(rank=4, suit=0), (3, 6)), Score: 5.660
2025-07-08 07:03:29,574 - INFO - Depth 2 completed in 0.000238s
2025-07-08 07:03:29,574 - INFO -   Nodes: 4, Terminal: 0, Pruned: 0
2025-07-08 07:03:29,574 - INFO -   Best move: (CardPosition(rank=4, suit=0), (3, 6)), Score: 5.660
2025-07-08 07:03:29,574 - INFO - Depth 3 completed in 0.000229s
2025-07-08 07:03:29,574 - INFO -   Nodes: 4, Terminal: 0, Pruned: 0
2025-07-08 07:03:29,574 - INFO -   Best move: (CardPosition(rank=4, suit=0), (3, 6)), Score: 5.660
2025-07-08 07:03:29,575 - INFO - Depth 4 completed in 0.000230s
2025-07-08 07:03:29,575 - INFO -   Nodes: 4, Terminal: 0, Pruned: 0
2025-07-08 07:03:29,575 - INFO -   Best move: (CardPosition(rank=4, suit=0), (3, 6)), Score: 5.660
2025-07-08 07:03:29,575 - INFO - Depth 5 completed in 0.000229s
2025-07-08 07:03:29,575 - INFO -   Nodes: 4, Terminal: 0, Pruned: 0
2025-07-08 07:03:29,575 - INFO -   Best move: (CardPosition(rank=4, suit=0), (3, 6)), Score: 5.660
2025-07-08 07:03:29,575 - INFO - Depth 6 completed in 0.000230s
2025-07-08 07:03:29,575 - INFO -   Nodes: 4, Terminal: 0, Pruned: 0
2025-07-08 07:03:29,575 - INFO -   Best move: (CardPosition(rank=4, suit=0), (3, 6)), Score: 5.660
2025-07-08 07:03:29,576 - INFO - Depth 7 completed in 0.000229s
2025-07-08 07:03:29,576 - INFO -   Nodes: 4, Terminal: 0, Pruned: 0
2025-07-08 07:03:29,576 - INFO -   Best move: (CardPosition(rank=4, suit=0), (3, 6)), Score: 5.660
2025-07-08 07:03:29,576 - INFO - Depth 8 completed in 0.000229s
2025-07-08 07:03:29,576 - INFO -   Nodes: 4, Terminal: 0, Pruned: 0
2025-07-08 07:03:29,576 - INFO -   Best move: (CardPosition(rank=4, suit=0), (3, 6)), Score: 5.660
2025-07-08 07:03:29,576 - INFO - Depth 9 completed in 0.000228s
2025-07-08 07:03:29,576 - INFO -   Nodes: 4, Terminal: 0, Pruned: 0
2025-07-08 07:03:29,576 - INFO -   Best move: (CardPosition(rank=4, suit=0), (3, 6)), Score: 5.660
2025-07-08 07:03:29,577 - INFO - Depth 10 completed in 0.000229s
2025-07-08 07:03:29,577 - INFO -   Nodes: 4, Terminal: 0, Pruned: 0
2025-07-08 07:03:29,577 - INFO -   Best move: (CardPosition(rank=4, suit=0), (3, 6)), Score: 5.660
2025-07-08 07:03:29,577 - INFO - Depth 11 completed in 0.000228s
2025-07-08 07:03:29,577 - INFO -   Nodes: 4, Terminal: 0, Pruned: 0
2025-07-08 07:03:29,577 - INFO -   Best move: (CardPosition(rank=4, suit=0), (3, 6)), Score: 5.660
2025-07-08 07:03:29,577 - INFO - Depth 12 completed in 0.000229s
2025-07-08 07:03:29,577 - INFO -   Nodes: 4, Terminal: 0, Pruned: 0
2025-07-08 07:03:29,577 - INFO -   Best move: (CardPosition(rank=4, suit=0), (3, 6)), Score: 5.660
2025-07-08 07:03:29,578 - INFO - Depth 13 completed in 0.000228s
2025-07-08 07:03:29,578 - INFO -   Nodes: 4, Terminal: 0, Pruned: 0
2025-07-08 07:03:29,578 - INFO -   Best move: (CardPosition(rank=4, suit=0), (3, 6)), Score: 5.660
2025-07-08 07:03:29,578 - INFO - Depth 14 completed in 0.000230s
2025-07-08 07:03:29,578 - INFO -   Nodes: 4, Terminal: 0, Pruned: 0
2025-07-08 07:03:29,578 - INFO -   Best move: (CardPosition(rank=4, suit=0), (3, 6)), Score: 5.660
2025-07-08 07:03:29,578 - INFO - Depth 15 completed in 0.000229s
2025-07-08 07:03:29,578 - INFO -   Nodes: 4, Terminal: 0, Pruned: 0
2025-07-08 07:03:29,578 - INFO -   Best move: (CardPosition(rank=4, suit=0), (3, 6)), Score: 5.660
2025-07-08 07:03:29,579 - INFO - Depth 16 completed in 0.000231s
2025-07-08 07:03:29,579 - INFO -   Nodes: 4, Terminal: 0, Pruned: 0
2025-07-08 07:03:29,579 - INFO -   Best move: (CardPosition(rank=4, suit=0), (3, 6)), Score: 5.660
2025-07-08 07:03:29,579 - INFO - Depth 17 completed in 0.000229s
2025-07-08 07:03:29,579 - INFO -   Nodes: 4, Terminal: 0, Pruned: 0
2025-07-08 07:03:29,579 - INFO -   Best move: (CardPosition(rank=4, suit=0), (3, 6)), Score: 5.660
2025-07-08 07:03:29,579 - INFO - Depth 18 completed in 0.000229s
2025-07-08 07:03:29,579 - INFO -   Nodes: 4, Terminal: 0, Pruned: 0
2025-07-08 07:03:29,579 - INFO -   Best move: (CardPosition(rank=4, suit=0), (3, 6)), Score: 5.660
2025-07-08 07:03:29,579 - INFO - Depth 19 completed in 0.000228s
2025-07-08 07:03:29,579 - INFO -   Nodes: 4, Terminal: 0, Pruned: 0
2025-07-08 07:03:29,580 - INFO -   Best move: (CardPosition(rank=4, suit=0), (3, 6)), Score: 5.660
2025-07-08 07:03:29,580 - INFO - Depth 20 completed in 0.000227s
2025-07-08 07:03:29,580 - INFO -   Nodes: 4, Terminal: 0, Pruned: 0
2025-07-08 07:03:29,580 - INFO -   Best move: (CardPosition(rank=4, suit=0), (3, 6)), Score: 5.660
2025-07-08 07:03:29,580 - INFO - Depth 21 completed in 0.000228s
2025-07-08 07:03:29,580 - INFO -   Nodes: 4, Terminal: 0, Pruned: 0
2025-07-08 07:03:29,580 - INFO -   Best move: (CardPosition(rank=4, suit=0), (3, 6)), Score: 5.660
2025-07-08 07:03:29,580 - INFO - Depth 22 completed in 0.000229s
2025-07-08 07:03:29,580 - INFO -   Nodes: 4, Terminal: 0, Pruned: 0
2025-07-08 07:03:29,580 - INFO -   Best move: (CardPosition(rank=4, suit=0), (3, 6)), Score: 5.660
2025-07-08 07:03:29,581 - INFO - Depth 23 completed in 0.000229s
2025-07-08 07:03:29,581 - INFO -   Nodes: 4, Terminal: 0, Pruned: 0
2025-07-08 07:03:29,581 - INFO -   Best move: (CardPosition(rank=4, suit=0), (3, 6)), Score: 5.660
2025-07-08 07:03:29,581 - INFO - Depth 24 completed in 0.000233s
2025-07-08 07:03:29,581 - INFO -   Nodes: 4, Terminal: 0, Pruned: 0
2025-07-08 07:03:29,581 - INFO -   Best move: (CardPosition(rank=4, suit=0), (3, 6)), Score: 5.660
2025-07-08 07:03:29,581 - INFO - Depth 25 completed in 0.000228s
2025-07-08 07:03:29,581 - INFO -   Nodes: 4, Terminal: 0, Pruned: 0
2025-07-08 07:03:29,581 - INFO -   Best move: (CardPosition(rank=4, suit=0), (3, 6)), Score: 5.660
2025-07-08 07:03:29,581 - INFO - Iterative deepening completed: depth 25/25
2025-07-08 07:03:29,581 - INFO - === Search Completed ===
2025-07-08 07:03:29,582 - INFO - Positions evaluated: 100
2025-07-08 07:03:29,582 - INFO - Time taken: 0.008304s
2025-07-08 07:03:29,582 - INFO - Positions/second: 12042.87
2025-07-08 07:03:29,582 - INFO - Max depth reached: 1
2025-07-08 07:03:29,582 - INFO - Average depth reached: 1.00
2025-07-08 07:03:29,582 - INFO - Average branching factor: 4.00
2025-07-08 07:03:29,582 - INFO - Cache hits: 96
2025-07-08 07:03:29,582 - INFO - Cache misses: 4
2025-07-08 07:03:29,582 - INFO - Cache hit rate: 96.0%
2025-07-08 07:03:29,582 - INFO - Transposition table size: 4
2025-07-08 07:03:29,582 - INFO - === Search Started ===
2025-07-08 07:03:29,582 - INFO - Position: 4 legal moves available
2025-07-08 07:03:29,582 - INFO - Max search depth: 25
2025-07-08 07:03:29,582 - INFO - Depth 1 completed in 0.000552s
2025-07-08 07:03:29,582 - INFO -   Nodes: 4, Terminal: 4, Pruned: 0
2025-07-08 07:03:29,583 - INFO -   Best move: (CardPosition(rank=3, suit=1), (1, 1)), Score: 7.547
2025-07-08 07:03:29,583 - INFO - Depth 2 completed in 0.000234s
2025-07-08 07:03:29,583 - INFO -   Nodes: 4, Terminal: 0, Pruned: 0
2025-07-08 07:03:29,583 - INFO -   Best move: (CardPosition(rank=3, suit=1), (1, 1)), Score: 7.547
2025-07-08 07:03:29,583 - INFO - Depth 3 completed in 0.000235s
2025-07-08 07:03:29,583 - INFO -   Nodes: 4, Terminal: 0, Pruned: 0
2025-07-08 07:03:29,583 - INFO -   Best move: (CardPosition(rank=3, suit=1), (1, 1)), Score: 7.547
2025-07-08 07:03:29,583 - INFO - Depth 4 completed in 0.000231s
2025-07-08 07:03:29,583 - INFO -   Nodes: 4, Terminal: 0, Pruned: 0
2025-07-08 07:03:29,583 - INFO -   Best move: (CardPosition(rank=3, suit=1), (1, 1)), Score: 7.547
2025-07-08 07:03:29,584 - INFO - Depth 5 completed in 0.000234s
2025-07-08 07:03:29,584 - INFO -   Nodes: 4, Terminal: 0, Pruned: 0
2025-07-08 07:03:29,584 - INFO -   Best move: (CardPosition(rank=3, suit=1), (1, 1)), Score: 7.547
2025-07-08 07:03:29,584 - INFO - Depth 6 completed in 0.000233s
2025-07-08 07:03:29,584 - INFO -   Nodes: 4, Terminal: 0, Pruned: 0
2025-07-08 07:03:29,584 - INFO -   Best move: (CardPosition(rank=3, suit=1), (1, 1)), Score: 7.547
2025-07-08 07:03:29,584 - INFO - Depth 7 completed in 0.000231s
2025-07-08 07:03:29,584 - INFO -   Nodes: 4, Terminal: 0, Pruned: 0
2025-07-08 07:03:29,584 - INFO -   Best move: (CardPosition(rank=3, suit=1), (1, 1)), Score: 7.547
2025-07-08 07:03:29,585 - INFO - Depth 8 completed in 0.000231s
2025-07-08 07:03:29,585 - INFO -   Nodes: 4, Terminal: 0, Pruned: 0
2025-07-08 07:03:29,585 - INFO -   Best move: (CardPosition(rank=3, suit=1), (1, 1)), Score: 7.547
2025-07-08 07:03:29,585 - INFO - Depth 9 completed in 0.000230s
2025-07-08 07:03:29,585 - INFO -   Nodes: 4, Terminal: 0, Pruned: 0
2025-07-08 07:03:29,585 - INFO -   Best move: (CardPosition(rank=3, suit=1), (1, 1)), Score: 7.547
2025-07-08 07:03:29,585 - INFO - Depth 10 completed in 0.000230s
2025-07-08 07:03:29,585 - INFO -   Nodes: 4, Terminal: 0, Pruned: 0
2025-07-08 07:03:29,585 - INFO -   Best move: (CardPosition(rank=3, suit=1), (1, 1)), Score: 7.547
2025-07-08 07:03:29,586 - INFO - Depth 11 completed in 0.000230s
2025-07-08 07:03:29,586 - INFO -   Nodes: 4, Terminal: 0, Pruned: 0
2025-07-08 07:03:29,586 - INFO -   Best move: (CardPosition(rank=3, suit=1), (1, 1)), Score: 7.547
2025-07-08 07:03:29,586 - INFO - Depth 12 completed in 0.000229s
2025-07-08 07:03:29,586 - INFO -   Nodes: 4, Terminal: 0, Pruned: 0
2025-07-08 07:03:29,586 - INFO -   Best move: (CardPosition(rank=3, suit=1), (1, 1)), Score: 7.547
2025-07-08 07:03:29,586 - INFO - Depth 13 completed in 0.000235s
2025-07-08 07:03:29,586 - INFO -   Nodes: 4, Terminal: 0, Pruned: 0
2025-07-08 07:03:29,586 - INFO -   Best move: (CardPosition(rank=3, suit=1), (1, 1)), Score: 7.547
2025-07-08 07:03:29,587 - INFO - Depth 14 completed in 0.000230s
2025-07-08 07:03:29,587 - INFO -   Nodes: 4, Terminal: 0, Pruned: 0
2025-07-08 07:03:29,587 - INFO -   Best move: (CardPosition(rank=3, suit=1), (1, 1)), Score: 7.547
2025-07-08 07:03:29,587 - INFO - Depth 15 completed in 0.000229s
2025-07-08 07:03:29,587 - INFO -   Nodes: 4, Terminal: 0, Pruned: 0
2025-07-08 07:03:29,587 - INFO -   Best move: (CardPosition(rank=3, suit=1), (1, 1)), Score: 7.547
2025-07-08 07:03:29,587 - INFO - Depth 16 completed in 0.000229s
2025-07-08 07:03:29,587 - INFO -   Nodes: 4, Terminal: 0, Pruned: 0
2025-07-08 07:03:29,587 - INFO -   Best move: (CardPosition(rank=3, suit=1), (1, 1)), Score: 7.547
2025-07-08 07:03:29,588 - INFO - Depth 17 completed in 0.000231s
2025-07-08 07:03:29,588 - INFO -   Nodes: 4, Terminal: 0, Pruned: 0
2025-07-08 07:03:29,588 - INFO -   Best move: (CardPosition(rank=3, suit=1), (1, 1)), Score: 7.547
2025-07-08 07:03:29,588 - INFO - Depth 18 completed in 0.000230s
2025-07-08 07:03:29,588 - INFO -   Nodes: 4, Terminal: 0, Pruned: 0
2025-07-08 07:03:29,588 - INFO -   Best move: (CardPosition(rank=3, suit=1), (1, 1)), Score: 7.547
2025-07-08 07:03:29,588 - INFO - Depth 19 completed in 0.000232s
2025-07-08 07:03:29,588 - INFO -   Nodes: 4, Terminal: 0, Pruned: 0
2025-07-08 07:03:29,588 - INFO -   Best move: (CardPosition(rank=3, suit=1), (1, 1)), Score: 7.547
2025-07-08 07:03:29,589 - INFO - Depth 20 completed in 0.000230s
2025-07-08 07:03:29,589 - INFO -   Nodes: 4, Terminal: 0, Pruned: 0
2025-07-08 07:03:29,589 - INFO -   Best move: (CardPosition(rank=3, suit=1), (1, 1)), Score: 7.547
2025-07-08 07:03:29,589 - INFO - Depth 21 completed in 0.000228s
2025-07-08 07:03:29,589 - INFO -   Nodes: 4, Terminal: 0, Pruned: 0
2025-07-08 07:03:29,589 - INFO -   Best move: (CardPosition(rank=3, suit=1), (1, 1)), Score: 7.547
2025-07-08 07:03:29,589 - INFO - Depth 22 completed in 0.000230s
2025-07-08 07:03:29,589 - INFO -   Nodes: 4, Terminal: 0, Pruned: 0
2025-07-08 07:03:29,589 - INFO -   Best move: (CardPosition(rank=3, suit=1), (1, 1)), Score: 7.547
2025-07-08 07:03:29,589 - INFO - Depth 23 completed in 0.000229s
2025-07-08 07:03:29,589 - INFO -   Nodes: 4, Terminal: 0, Pruned: 0
2025-07-08 07:03:29,590 - INFO -   Best move: (CardPosition(rank=3, suit=1), (1, 1)), Score: 7.547
2025-07-08 07:03:29,590 - INFO - Depth 24 completed in 0.000230s
2025-07-08 07:03:29,590 - INFO -   Nodes: 4, Terminal: 0, Pruned: 0
2025-07-08 07:03:29,590 - INFO -   Best move: (CardPosition(rank=3, suit=1), (1, 1)), Score: 7.547
2025-07-08 07:03:29,590 - INFO - Depth 25 completed in 0.000229s
2025-07-08 07:03:29,590 - INFO -   Nodes: 4, Terminal: 0, Pruned: 0
2025-07-08 07:03:29,590 - INFO -   Best move: (CardPosition(rank=3, suit=1), (1, 1)), Score: 7.547
2025-07-08 07:03:29,590 - INFO - Iterative deepening completed: depth 25/25
2025-07-08 07:03:29,590 - INFO - === Search Completed ===
2025-07-08 07:03:29,590 - INFO - Positions evaluated: 100
2025-07-08 07:03:29,590 - INFO - Time taken: 0.008341s
2025-07-08 07:03:29,590 - INFO - Positions/second: 11989.26
2025-07-08 07:03:29,590 - INFO - Max depth reached: 1
2025-07-08 07:03:29,590 - INFO - Average depth reached: 1.00
2025-07-08 07:03:29,590 - INFO - Average branching factor: 4.00
2025-07-08 07:03:29,590 - INFO - Cache hits: 96
2025-07-08 07:03:29,590 - INFO - Cache misses: 4
2025-07-08 07:03:29,590 - INFO - Cache hit rate: 96.0%
2025-07-08 07:03:29,590 - INFO - Transposition table size: 4
2025-07-08 07:03:29,591 - INFO - === Search Started ===
2025-07-08 07:03:29,591 - INFO - Position: 4 legal moves available
2025-07-08 07:03:29,591 - INFO - Max search depth: 25
2025-07-08 07:03:29,591 - INFO - Depth 1 completed in 0.000536s
2025-07-08 07:03:29,591 - INFO -   Nodes: 4, Terminal: 4, Pruned: 0
2025-07-08 07:03:29,591 - INFO -   Best move: (CardPosition(rank=8, suit=2), (1, 5)), Score: 7.547
2025-07-08 07:03:29,591 - INFO - Depth 2 completed in 0.000233s
2025-07-08 07:03:29,592 - INFO -   Nodes: 4, Terminal: 0, Pruned: 0
2025-07-08 07:03:29,592 - INFO -   Best move: (CardPosition(rank=8, suit=2), (1, 5)), Score: 7.547
2025-07-08 07:03:29,592 - INFO - Depth 3 completed in 0.000229s
2025-07-08 07:03:29,592 - INFO -   Nodes: 4, Terminal: 0, Pruned: 0
2025-07-08 07:03:29,592 - INFO -   Best move: (CardPosition(rank=8, suit=2), (1, 5)), Score: 7.547
2025-07-08 07:03:29,592 - INFO - Depth 4 completed in 0.000229s
2025-07-08 07:03:29,592 - INFO -   Nodes: 4, Terminal: 0, Pruned: 0
2025-07-08 07:03:29,592 - INFO -   Best move: (CardPosition(rank=8, suit=2), (1, 5)), Score: 7.547
2025-07-08 07:03:29,592 - INFO - Depth 5 completed in 0.000228s
2025-07-08 07:03:29,592 - INFO -   Nodes: 4, Terminal: 0, Pruned: 0
2025-07-08 07:03:29,592 - INFO -   Best move: (CardPosition(rank=8, suit=2), (1, 5)), Score: 7.547
2025-07-08 07:03:29,593 - INFO - Depth 6 completed in 0.000228s
2025-07-08 07:03:29,593 - INFO -   Nodes: 4, Terminal: 0, Pruned: 0
2025-07-08 07:03:29,593 - INFO -   Best move: (CardPosition(rank=8, suit=2), (1, 5)), Score: 7.547
2025-07-08 07:03:29,593 - INFO - Depth 7 completed in 0.000232s
2025-07-08 07:03:29,593 - INFO -   Nodes: 4, Terminal: 0, Pruned: 0
2025-07-08 07:03:29,593 - INFO -   Best move: (CardPosition(rank=8, suit=2), (1, 5)), Score: 7.547
2025-07-08 07:03:29,593 - INFO - Depth 8 completed in 0.000231s
2025-07-08 07:03:29,593 - INFO -   Nodes: 4, Terminal: 0, Pruned: 0
2025-07-08 07:03:29,593 - INFO -   Best move: (CardPosition(rank=8, suit=2), (1, 5)), Score: 7.547
2025-07-08 07:03:29,594 - INFO - Depth 9 completed in 0.000228s
2025-07-08 07:03:29,594 - INFO -   Nodes: 4, Terminal: 0, Pruned: 0
2025-07-08 07:03:29,594 - INFO -   Best move: (CardPosition(rank=8, suit=2), (1, 5)), Score: 7.547
2025-07-08 07:03:29,594 - INFO - Depth 10 completed in 0.000229s
2025-07-08 07:03:29,594 - INFO -   Nodes: 4, Terminal: 0, Pruned: 0
2025-07-08 07:03:29,594 - INFO -   Best move: (CardPosition(rank=8, suit=2), (1, 5)), Score: 7.547
2025-07-08 07:03:29,594 - INFO - Depth 11 completed in 0.000376s
2025-07-08 07:03:29,594 - INFO -   Nodes: 4, Terminal: 0, Pruned: 0
2025-07-08 07:03:29,595 - INFO -   Best move: (CardPosition(rank=8, suit=2), (1, 5)), Score: 7.547
2025-07-08 07:03:29,595 - INFO - Depth 12 completed in 0.000243s
2025-07-08 07:03:29,595 - INFO -   Nodes: 4, Terminal: 0, Pruned: 0
2025-07-08 07:03:29,595 - INFO -   Best move: (CardPosition(rank=8, suit=2), (1, 5)), Score: 7.547
2025-07-08 07:03:29,595 - INFO - Depth 13 completed in 0.000233s
2025-07-08 07:03:29,595 - INFO -   Nodes: 4, Terminal: 0, Pruned: 0
2025-07-08 07:03:29,595 - INFO -   Best move: (CardPosition(rank=8, suit=2), (1, 5)), Score: 7.547
2025-07-08 07:03:29,595 - INFO - Depth 14 completed in 0.000233s
2025-07-08 07:03:29,596 - INFO -   Nodes: 4, Terminal: 0, Pruned: 0
2025-07-08 07:03:29,596 - INFO -   Best move: (CardPosition(rank=8, suit=2), (1, 5)), Score: 7.547
2025-07-08 07:03:29,596 - INFO - Depth 15 completed in 0.000231s
2025-07-08 07:03:29,596 - INFO -   Nodes: 4, Terminal: 0, Pruned: 0
2025-07-08 07:03:29,596 - INFO -   Best move: (CardPosition(rank=8, suit=2), (1, 5)), Score: 7.547
2025-07-08 07:03:29,596 - INFO - Depth 16 completed in 0.000232s
2025-07-08 07:03:29,596 - INFO -   Nodes: 4, Terminal: 0, Pruned: 0
2025-07-08 07:03:29,596 - INFO -   Best move: (CardPosition(rank=8, suit=2), (1, 5)), Score: 7.547
2025-07-08 07:03:29,596 - INFO - Depth 17 completed in 0.000229s
2025-07-08 07:03:29,596 - INFO -   Nodes: 4, Terminal: 0, Pruned: 0
2025-07-08 07:03:29,596 - INFO -   Best move: (CardPosition(rank=8, suit=2), (1, 5)), Score: 7.547
2025-07-08 07:03:29,597 - INFO - Depth 18 completed in 0.000230s
2025-07-08 07:03:29,597 - INFO -   Nodes: 4, Terminal: 0, Pruned: 0
2025-07-08 07:03:29,597 - INFO -   Best move: (CardPosition(rank=8, suit=2), (1, 5)), Score: 7.547
2025-07-08 07:03:29,597 - INFO - Depth 19 completed in 0.000230s
2025-07-08 07:03:29,597 - INFO -   Nodes: 4, Terminal: 0, Pruned: 0
2025-07-08 07:03:29,597 - INFO -   Best move: (CardPosition(rank=8, suit=2), (1, 5)), Score: 7.547
2025-07-08 07:03:29,597 - INFO - Depth 20 completed in 0.000231s
2025-07-08 07:03:29,597 - INFO -   Nodes: 4, Terminal: 0, Pruned: 0
2025-07-08 07:03:29,597 - INFO -   Best move: (CardPosition(rank=8, suit=2), (1, 5)), Score: 7.547
2025-07-08 07:03:29,598 - INFO - Depth 21 completed in 0.000229s
2025-07-08 07:03:29,598 - INFO -   Nodes: 4, Terminal: 0, Pruned: 0
2025-07-08 07:03:29,598 - INFO -   Best move: (CardPosition(rank=8, suit=2), (1, 5)), Score: 7.547
2025-07-08 07:03:29,598 - INFO - Depth 22 completed in 0.000233s
2025-07-08 07:03:29,598 - INFO -   Nodes: 4, Terminal: 0, Pruned: 0
2025-07-08 07:03:29,598 - INFO -   Best move: (CardPosition(rank=8, suit=2), (1, 5)), Score: 7.547
2025-07-08 07:03:29,598 - INFO - Depth 23 completed in 0.000230s
2025-07-08 07:03:29,598 - INFO -   Nodes: 4, Terminal: 0, Pruned: 0
2025-07-08 07:03:29,598 - INFO -   Best move: (CardPosition(rank=8, suit=2), (1, 5)), Score: 7.547
2025-07-08 07:03:29,599 - INFO - Depth 24 completed in 0.000228s
2025-07-08 07:03:29,599 - INFO -   Nodes: 4, Terminal: 0, Pruned: 0
2025-07-08 07:03:29,599 - INFO -   Best move: (CardPosition(rank=8, suit=2), (1, 5)), Score: 7.547
2025-07-08 07:03:29,599 - INFO - Depth 25 completed in 0.000229s
2025-07-08 07:03:29,599 - INFO -   Nodes: 4, Terminal: 0, Pruned: 0
2025-07-08 07:03:29,599 - INFO -   Best move: (CardPosition(rank=8, suit=2), (1, 5)), Score: 7.547
2025-07-08 07:03:29,599 - INFO - Iterative deepening completed: depth 25/25
2025-07-08 07:03:29,599 - INFO - === Search Completed ===
2025-07-08 07:03:29,599 - INFO - Positions evaluated: 100
2025-07-08 07:03:29,599 - INFO - Time taken: 0.008499s
2025-07-08 07:03:29,599 - INFO - Positions/second: 11765.47
2025-07-08 07:03:29,599 - INFO - Max depth reached: 1
2025-07-08 07:03:29,599 - INFO - Average depth reached: 1.00
2025-07-08 07:03:29,599 - INFO - Average branching factor: 4.00
2025-07-08 07:03:29,599 - INFO - Cache hits: 96
2025-07-08 07:03:29,599 - INFO - Cache misses: 4
2025-07-08 07:03:29,599 - INFO - Cache hit rate: 96.0%
2025-07-08 07:03:29,599 - INFO - Transposition table size: 4
2025-07-08 07:03:29,599 - INFO - === Search Started ===
2025-07-08 07:03:29,599 - INFO - Position: 4 legal moves available
2025-07-08 07:03:29,599 - INFO - Max search depth: 25
2025-07-08 07:03:29,600 - INFO - Depth 1 completed in 0.000528s
2025-07-08 07:03:29,600 - INFO -   Nodes: 4, Terminal: 4, Pruned: 0
2025-07-08 07:03:29,600 - INFO -   Best move: (CardPosition(rank=10, suit=3), (0, 12)), Score: 7.547
2025-07-08 07:03:29,600 - INFO - Depth 2 completed in 0.000237s
2025-07-08 07:03:29,600 - INFO -   Nodes: 4, Terminal: 0, Pruned: 0
2025-07-08 07:03:29,600 - INFO -   Best move: (CardPosition(rank=10, suit=3), (0, 12)), Score: 7.547
2025-07-08 07:03:29,601 - INFO - Depth 3 completed in 0.000237s
2025-07-08 07:03:29,601 - INFO -   Nodes: 4, Terminal: 0, Pruned: 0
2025-07-08 07:03:29,601 - INFO -   Best move: (CardPosition(rank=10, suit=3), (0, 12)), Score: 7.547
2025-07-08 07:03:29,601 - INFO - Depth 4 completed in 0.000233s
2025-07-08 07:03:29,601 - INFO -   Nodes: 4, Terminal: 0, Pruned: 0
2025-07-08 07:03:29,601 - INFO -   Best move: (CardPosition(rank=10, suit=3), (0, 12)), Score: 7.547
2025-07-08 07:03:29,601 - INFO - Depth 5 completed in 0.000233s
2025-07-08 07:03:29,601 - INFO -   Nodes: 4, Terminal: 0, Pruned: 0
2025-07-08 07:03:29,601 - INFO -   Best move: (CardPosition(rank=10, suit=3), (0, 12)), Score: 7.547
2025-07-08 07:03:29,602 - INFO - Depth 6 completed in 0.000232s
2025-07-08 07:03:29,602 - INFO -   Nodes: 4, Terminal: 0, Pruned: 0
2025-07-08 07:03:29,602 - INFO -   Best move: (CardPosition(rank=10, suit=3), (0, 12)), Score: 7.547
2025-07-08 07:03:29,602 - INFO - Depth 7 completed in 0.000232s
2025-07-08 07:03:29,602 - INFO -   Nodes: 4, Terminal: 0, Pruned: 0
2025-07-08 07:03:29,602 - INFO -   Best move: (CardPosition(rank=10, suit=3), (0, 12)), Score: 7.547
2025-07-08 07:03:29,602 - INFO - Depth 8 completed in 0.000231s
2025-07-08 07:03:29,602 - INFO -   Nodes: 4, Terminal: 0, Pruned: 0
2025-07-08 07:03:29,602 - INFO -   Best move: (CardPosition(rank=10, suit=3), (0, 12)), Score: 7.547
2025-07-08 07:03:29,603 - INFO - Depth 9 completed in 0.000232s
2025-07-08 07:03:29,603 - INFO -   Nodes: 4, Terminal: 0, Pruned: 0
2025-07-08 07:03:29,603 - INFO -   Best move: (CardPosition(rank=10, suit=3), (0, 12)), Score: 7.547
2025-07-08 07:03:29,603 - INFO - Depth 10 completed in 0.000231s
2025-07-08 07:03:29,603 - INFO -   Nodes: 4, Terminal: 0, Pruned: 0
2025-07-08 07:03:29,603 - INFO -   Best move: (CardPosition(rank=10, suit=3), (0, 12)), Score: 7.547
2025-07-08 07:03:29,603 - INFO - Depth 11 completed in 0.000250s
2025-07-08 07:03:29,603 - INFO -   Nodes: 4, Terminal: 0, Pruned: 0
2025-07-08 07:03:29,603 - INFO -   Best move: (CardPosition(rank=10, suit=3), (0, 12)), Score: 7.547
2025-07-08 07:03:29,604 - INFO - Depth 12 completed in 0.000232s
2025-07-08 07:03:29,604 - INFO -   Nodes: 4, Terminal: 0, Pruned: 0
2025-07-08 07:03:29,604 - INFO -   Best move: (CardPosition(rank=10, suit=3), (0, 12)), Score: 7.547
2025-07-08 07:03:29,604 - INFO - Depth 13 completed in 0.000230s
2025-07-08 07:03:29,604 - INFO -   Nodes: 4, Terminal: 0, Pruned: 0
2025-07-08 07:03:29,604 - INFO -   Best move: (CardPosition(rank=10, suit=3), (0, 12)), Score: 7.547
2025-07-08 07:03:29,604 - INFO - Depth 14 completed in 0.000229s
2025-07-08 07:03:29,604 - INFO -   Nodes: 4, Terminal: 0, Pruned: 0
2025-07-08 07:03:29,604 - INFO -   Best move: (CardPosition(rank=10, suit=3), (0, 12)), Score: 7.547
2025-07-08 07:03:29,605 - INFO - Depth 15 completed in 0.000233s
2025-07-08 07:03:29,605 - INFO -   Nodes: 4, Terminal: 0, Pruned: 0
2025-07-08 07:03:29,605 - INFO -   Best move: (CardPosition(rank=10, suit=3), (0, 12)), Score: 7.547
2025-07-08 07:03:29,605 - INFO - Depth 16 completed in 0.000230s
2025-07-08 07:03:29,605 - INFO -   Nodes: 4, Terminal: 0, Pruned: 0
2025-07-08 07:03:29,605 - INFO -   Best move: (CardPosition(rank=10, suit=3), (0, 12)), Score: 7.547
2025-07-08 07:03:29,605 - INFO - Depth 17 completed in 0.000232s
2025-07-08 07:03:29,605 - INFO -   Nodes: 4, Terminal: 0, Pruned: 0
2025-07-08 07:03:29,605 - INFO -   Best move: (CardPosition(rank=10, suit=3), (0, 12)), Score: 7.547
2025-07-08 07:03:29,605 - INFO - Depth 18 completed in 0.000231s
2025-07-08 07:03:29,606 - INFO -   Nodes: 4, Terminal: 0, Pruned: 0
2025-07-08 07:03:29,606 - INFO -   Best move: (CardPosition(rank=10, suit=3), (0, 12)), Score: 7.547
2025-07-08 07:03:29,606 - INFO - Depth 19 completed in 0.000231s
2025-07-08 07:03:29,606 - INFO -   Nodes: 4, Terminal: 0, Pruned: 0
2025-07-08 07:03:29,606 - INFO -   Best move: (CardPosition(rank=10, suit=3), (0, 12)), Score: 7.547
2025-07-08 07:03:29,606 - INFO - Depth 20 completed in 0.000230s
2025-07-08 07:03:29,606 - INFO -   Nodes: 4, Terminal: 0, Pruned: 0
2025-07-08 07:03:29,606 - INFO -   Best move: (CardPosition(rank=10, suit=3), (0, 12)), Score: 7.547
2025-07-08 07:03:29,606 - INFO - Depth 21 completed in 0.000230s
2025-07-08 07:03:29,606 - INFO -   Nodes: 4, Terminal: 0, Pruned: 0
2025-07-08 07:03:29,606 - INFO -   Best move: (CardPosition(rank=10, suit=3), (0, 12)), Score: 7.547
2025-07-08 07:03:29,607 - INFO - Depth 22 completed in 0.000229s
2025-07-08 07:03:29,607 - INFO -   Nodes: 4, Terminal: 0, Pruned: 0
2025-07-08 07:03:29,607 - INFO -   Best move: (CardPosition(rank=10, suit=3), (0, 12)), Score: 7.547
2025-07-08 07:03:29,607 - INFO - Depth 23 completed in 0.000231s
2025-07-08 07:03:29,607 - INFO -   Nodes: 4, Terminal: 0, Pruned: 0
2025-07-08 07:03:29,607 - INFO -   Best move: (CardPosition(rank=10, suit=3), (0, 12)), Score: 7.547
2025-07-08 07:03:29,607 - INFO - Depth 24 completed in 0.000233s
2025-07-08 07:03:29,607 - INFO -   Nodes: 4, Terminal: 0, Pruned: 0
2025-07-08 07:03:29,607 - INFO -   Best move: (CardPosition(rank=10, suit=3), (0, 12)), Score: 7.547
2025-07-08 07:03:29,608 - INFO - Depth 25 completed in 0.000233s
2025-07-08 07:03:29,608 - INFO -   Nodes: 4, Terminal: 0, Pruned: 0
2025-07-08 07:03:29,608 - INFO -   Best move: (CardPosition(rank=10, suit=3), (0, 12)), Score: 7.547
2025-07-08 07:03:29,608 - INFO - Iterative deepening completed: depth 25/25
2025-07-08 07:03:29,608 - INFO - === Search Completed ===
2025-07-08 07:03:29,608 - INFO - Positions evaluated: 100
2025-07-08 07:03:29,608 - INFO - Time taken: 0.008350s
2025-07-08 07:03:29,608 - INFO - Positions/second: 11976.06
2025-07-08 07:03:29,608 - INFO - Max depth reached: 1
2025-07-08 07:03:29,608 - INFO - Average depth reached: 1.00
2025-07-08 07:03:29,608 - INFO - Average branching factor: 3.50
2025-07-08 07:03:29,608 - INFO - Cache hits: 96
2025-07-08 07:03:29,608 - INFO - Cache misses: 4
2025-07-08 07:03:29,608 - INFO - Cache hit rate: 96.0%
2025-07-08 07:03:29,608 - INFO - Transposition table size: 4
2025-07-08 07:03:29,608 - INFO - === Search Started ===
2025-07-08 07:03:29,608 - INFO - Position: 4 legal moves available
2025-07-08 07:03:29,608 - INFO - Max search depth: 25
2025-07-08 07:03:29,609 - INFO - Depth 1 completed in 0.000551s
2025-07-08 07:03:29,609 - INFO -   Nodes: 4, Terminal: 4, Pruned: 0
2025-07-08 07:03:29,609 - INFO -   Best move: (CardPosition(rank=11, suit=2), (0, 5)), Score: 7.547
2025-07-08 07:03:29,609 - INFO - Depth 2 completed in 0.000247s
2025-07-08 07:03:29,609 - INFO -   Nodes: 4, Terminal: 0, Pruned: 0
2025-07-08 07:03:29,609 - INFO -   Best move: (CardPosition(rank=11, suit=2), (0, 5)), Score: 7.547
2025-07-08 07:03:29,609 - INFO - Depth 3 completed in 0.000286s
2025-07-08 07:03:29,610 - INFO -   Nodes: 4, Terminal: 0, Pruned: 0
2025-07-08 07:03:29,610 - INFO -   Best move: (CardPosition(rank=11, suit=2), (0, 5)), Score: 7.547
2025-07-08 07:03:29,610 - INFO - Depth 4 completed in 0.000242s
2025-07-08 07:03:29,610 - INFO -   Nodes: 4, Terminal: 0, Pruned: 0
2025-07-08 07:03:29,610 - INFO -   Best move: (CardPosition(rank=11, suit=2), (0, 5)), Score: 7.547
2025-07-08 07:03:29,610 - INFO - Depth 5 completed in 0.000242s
2025-07-08 07:03:29,610 - INFO -   Nodes: 4, Terminal: 0, Pruned: 0
2025-07-08 07:03:29,610 - INFO -   Best move: (CardPosition(rank=11, suit=2), (0, 5)), Score: 7.547
2025-07-08 07:03:29,610 - INFO - Depth 6 completed in 0.000241s
2025-07-08 07:03:29,611 - INFO -   Nodes: 4, Terminal: 0, Pruned: 0
2025-07-08 07:03:29,611 - INFO -   Best move: (CardPosition(rank=11, suit=2), (0, 5)), Score: 7.547
2025-07-08 07:03:29,611 - INFO - Depth 7 completed in 0.000246s
2025-07-08 07:03:29,611 - INFO -   Nodes: 4, Terminal: 0, Pruned: 0
2025-07-08 07:03:29,611 - INFO -   Best move: (CardPosition(rank=11, suit=2), (0, 5)), Score: 7.547
2025-07-08 07:03:29,611 - INFO - Depth 8 completed in 0.000355s
2025-07-08 07:03:29,611 - INFO -   Nodes: 4, Terminal: 0, Pruned: 0
2025-07-08 07:03:29,611 - INFO -   Best move: (CardPosition(rank=11, suit=2), (0, 5)), Score: 7.547
2025-07-08 07:03:29,612 - INFO - Depth 9 completed in 0.000257s
2025-07-08 07:03:29,612 - INFO -   Nodes: 4, Terminal: 0, Pruned: 0
2025-07-08 07:03:29,612 - INFO -   Best move: (CardPosition(rank=11, suit=2), (0, 5)), Score: 7.547
2025-07-08 07:03:29,612 - INFO - Depth 10 completed in 0.000249s
2025-07-08 07:03:29,612 - INFO -   Nodes: 4, Terminal: 0, Pruned: 0
2025-07-08 07:03:29,612 - INFO -   Best move: (CardPosition(rank=11, suit=2), (0, 5)), Score: 7.547
2025-07-08 07:03:29,612 - INFO - Depth 11 completed in 0.000248s
2025-07-08 07:03:29,612 - INFO -   Nodes: 4, Terminal: 0, Pruned: 0
2025-07-08 07:03:29,612 - INFO -   Best move: (CardPosition(rank=11, suit=2), (0, 5)), Score: 7.547
2025-07-08 07:03:29,613 - INFO - Depth 12 completed in 0.000248s
2025-07-08 07:03:29,613 - INFO -   Nodes: 4, Terminal: 0, Pruned: 0
2025-07-08 07:03:29,613 - INFO -   Best move: (CardPosition(rank=11, suit=2), (0, 5)), Score: 7.547
2025-07-08 07:03:29,613 - INFO - Depth 13 completed in 0.000248s
2025-07-08 07:03:29,613 - INFO -   Nodes: 4, Terminal: 0, Pruned: 0
2025-07-08 07:03:29,613 - INFO -   Best move: (CardPosition(rank=11, suit=2), (0, 5)), Score: 7.547
2025-07-08 07:03:29,613 - INFO - Depth 14 completed in 0.000245s
2025-07-08 07:03:29,613 - INFO -   Nodes: 4, Terminal: 0, Pruned: 0
2025-07-08 07:03:29,613 - INFO -   Best move: (CardPosition(rank=11, suit=2), (0, 5)), Score: 7.547
2025-07-08 07:03:29,614 - INFO - Depth 15 completed in 0.000246s
2025-07-08 07:03:29,614 - INFO -   Nodes: 4, Terminal: 0, Pruned: 0
2025-07-08 07:03:29,614 - INFO -   Best move: (CardPosition(rank=11, suit=2), (0, 5)), Score: 7.547
2025-07-08 07:03:29,614 - INFO - Depth 16 completed in 0.000248s
2025-07-08 07:03:29,614 - INFO -   Nodes: 4, Terminal: 0, Pruned: 0
2025-07-08 07:03:29,614 - INFO -   Best move: (CardPosition(rank=11, suit=2), (0, 5)), Score: 7.547
2025-07-08 07:03:29,614 - INFO - Depth 17 completed in 0.000246s
2025-07-08 07:03:29,614 - INFO -   Nodes: 4, Terminal: 0, Pruned: 0
2025-07-08 07:03:29,614 - INFO -   Best move: (CardPosition(rank=11, suit=2), (0, 5)), Score: 7.547
2025-07-08 07:03:29,615 - INFO - Depth 18 completed in 0.000246s
2025-07-08 07:03:29,615 - INFO -   Nodes: 4, Terminal: 0, Pruned: 0
2025-07-08 07:03:29,615 - INFO -   Best move: (CardPosition(rank=11, suit=2), (0, 5)), Score: 7.547
2025-07-08 07:03:29,615 - INFO - Depth 19 completed in 0.000245s
2025-07-08 07:03:29,615 - INFO -   Nodes: 4, Terminal: 0, Pruned: 0
2025-07-08 07:03:29,615 - INFO -   Best move: (CardPosition(rank=11, suit=2), (0, 5)), Score: 7.547
2025-07-08 07:03:29,615 - INFO - Depth 20 completed in 0.000244s
2025-07-08 07:03:29,615 - INFO -   Nodes: 4, Terminal: 0, Pruned: 0
2025-07-08 07:03:29,615 - INFO -   Best move: (CardPosition(rank=11, suit=2), (0, 5)), Score: 7.547
2025-07-08 07:03:29,616 - INFO - Depth 21 completed in 0.000245s
2025-07-08 07:03:29,616 - INFO -   Nodes: 4, Terminal: 0, Pruned: 0
2025-07-08 07:03:29,616 - INFO -   Best move: (CardPosition(rank=11, suit=2), (0, 5)), Score: 7.547
2025-07-08 07:03:29,616 - INFO - Depth 22 completed in 0.000245s
2025-07-08 07:03:29,616 - INFO -   Nodes: 4, Terminal: 0, Pruned: 0
2025-07-08 07:03:29,616 - INFO -   Best move: (CardPosition(rank=11, suit=2), (0, 5)), Score: 7.547
2025-07-08 07:03:29,616 - INFO - Depth 23 completed in 0.000249s
2025-07-08 07:03:29,616 - INFO -   Nodes: 4, Terminal: 0, Pruned: 0
2025-07-08 07:03:29,616 - INFO -   Best move: (CardPosition(rank=11, suit=2), (0, 5)), Score: 7.547
2025-07-08 07:03:29,617 - INFO - Depth 24 completed in 0.000249s
2025-07-08 07:03:29,617 - INFO -   Nodes: 4, Terminal: 0, Pruned: 0
2025-07-08 07:03:29,617 - INFO -   Best move: (CardPosition(rank=11, suit=2), (0, 5)), Score: 7.547
2025-07-08 07:03:29,617 - INFO - Depth 25 completed in 0.000246s
2025-07-08 07:03:29,617 - INFO -   Nodes: 4, Terminal: 0, Pruned: 0
2025-07-08 07:03:29,617 - INFO -   Best move: (CardPosition(rank=11, suit=2), (0, 5)), Score: 7.547
2025-07-08 07:03:29,617 - INFO - Iterative deepening completed: depth 25/25
2025-07-08 07:03:29,617 - INFO - === Search Completed ===
2025-07-08 07:03:29,617 - INFO - Positions evaluated: 100
2025-07-08 07:03:29,617 - INFO - Time taken: 0.008919s
2025-07-08 07:03:29,617 - INFO - Positions/second: 11211.63
2025-07-08 07:03:29,617 - INFO - Max depth reached: 1
2025-07-08 07:03:29,617 - INFO - Average depth reached: 1.00
2025-07-08 07:03:29,617 - INFO - Average branching factor: 3.50
2025-07-08 07:03:29,617 - INFO - Cache hits: 96
2025-07-08 07:03:29,617 - INFO - Cache misses: 4
2025-07-08 07:03:29,617 - INFO - Cache hit rate: 96.0%
2025-07-08 07:03:29,617 - INFO - Transposition table size: 4
2025-07-08 07:03:29,617 - INFO - === Search Started ===
2025-07-08 07:03:29,617 - INFO - Position: 4 legal moves available
2025-07-08 07:03:29,618 - INFO - Max search depth: 25
2025-07-08 07:03:29,618 - INFO - Depth 1 completed in 0.000565s
2025-07-08 07:03:29,618 - INFO -   Nodes: 4, Terminal: 4, Pruned: 0
2025-07-08 07:03:29,618 - INFO -   Best move: (CardPosition(rank=13, suit=0), (3, 9)), Score: 7.547
2025-07-08 07:03:29,618 - INFO - Depth 2 completed in 0.000251s
2025-07-08 07:03:29,618 - INFO -   Nodes: 4, Terminal: 0, Pruned: 0
2025-07-08 07:03:29,619 - INFO -   Best move: (CardPosition(rank=13, suit=0), (3, 9)), Score: 7.547
2025-07-08 07:03:29,619 - INFO - Depth 3 completed in 0.000246s
2025-07-08 07:03:29,619 - INFO -   Nodes: 4, Terminal: 0, Pruned: 0
2025-07-08 07:03:29,619 - INFO -   Best move: (CardPosition(rank=13, suit=0), (3, 9)), Score: 7.547
2025-07-08 07:03:29,619 - INFO - Depth 4 completed in 0.000245s
2025-07-08 07:03:29,619 - INFO -   Nodes: 4, Terminal: 0, Pruned: 0
2025-07-08 07:03:29,619 - INFO -   Best move: (CardPosition(rank=13, suit=0), (3, 9)), Score: 7.547
2025-07-08 07:03:29,619 - INFO - Depth 5 completed in 0.000244s
2025-07-08 07:03:29,619 - INFO -   Nodes: 4, Terminal: 0, Pruned: 0
2025-07-08 07:03:29,620 - INFO -   Best move: (CardPosition(rank=13, suit=0), (3, 9)), Score: 7.547
2025-07-08 07:03:29,620 - INFO - Depth 6 completed in 0.000243s
2025-07-08 07:03:29,620 - INFO -   Nodes: 4, Terminal: 0, Pruned: 0
2025-07-08 07:03:29,620 - INFO -   Best move: (CardPosition(rank=13, suit=0), (3, 9)), Score: 7.547
2025-07-08 07:03:29,620 - INFO - Depth 7 completed in 0.000245s
2025-07-08 07:03:29,620 - INFO -   Nodes: 4, Terminal: 0, Pruned: 0
2025-07-08 07:03:29,620 - INFO -   Best move: (CardPosition(rank=13, suit=0), (3, 9)), Score: 7.547
2025-07-08 07:03:29,620 - INFO - Depth 8 completed in 0.000243s
2025-07-08 07:03:29,620 - INFO -   Nodes: 4, Terminal: 0, Pruned: 0
2025-07-08 07:03:29,621 - INFO -   Best move: (CardPosition(rank=13, suit=0), (3, 9)), Score: 7.547
2025-07-08 07:03:29,621 - INFO - Depth 9 completed in 0.000244s
2025-07-08 07:03:29,621 - INFO -   Nodes: 4, Terminal: 0, Pruned: 0
2025-07-08 07:03:29,621 - INFO -   Best move: (CardPosition(rank=13, suit=0), (3, 9)), Score: 7.547
2025-07-08 07:03:29,621 - INFO - Depth 10 completed in 0.000348s
2025-07-08 07:03:29,621 - INFO -   Nodes: 4, Terminal: 0, Pruned: 0
2025-07-08 07:03:29,621 - INFO -   Best move: (CardPosition(rank=13, suit=0), (3, 9)), Score: 7.547
2025-07-08 07:03:29,622 - INFO - Depth 11 completed in 0.000246s
2025-07-08 07:03:29,622 - INFO -   Nodes: 4, Terminal: 0, Pruned: 0
2025-07-08 07:03:29,622 - INFO -   Best move: (CardPosition(rank=13, suit=0), (3, 9)), Score: 7.547
2025-07-08 07:03:29,622 - INFO - Depth 12 completed in 0.000244s
2025-07-08 07:03:29,622 - INFO -   Nodes: 4, Terminal: 0, Pruned: 0
2025-07-08 07:03:29,622 - INFO -   Best move: (CardPosition(rank=13, suit=0), (3, 9)), Score: 7.547
2025-07-08 07:03:29,622 - INFO - Depth 13 completed in 0.000248s
2025-07-08 07:03:29,622 - INFO -   Nodes: 4, Terminal: 0, Pruned: 0
2025-07-08 07:03:29,622 - INFO -   Best move: (CardPosition(rank=13, suit=0), (3, 9)), Score: 7.547
2025-07-08 07:03:29,623 - INFO - Depth 14 completed in 0.000242s
2025-07-08 07:03:29,623 - INFO -   Nodes: 4, Terminal: 0, Pruned: 0
2025-07-08 07:03:29,623 - INFO -   Best move: (CardPosition(rank=13, suit=0), (3, 9)), Score: 7.547
2025-07-08 07:03:29,623 - INFO - Depth 15 completed in 0.000248s
2025-07-08 07:03:29,623 - INFO -   Nodes: 4, Terminal: 0, Pruned: 0
2025-07-08 07:03:29,623 - INFO -   Best move: (CardPosition(rank=13, suit=0), (3, 9)), Score: 7.547
2025-07-08 07:03:29,623 - INFO - Depth 16 completed in 0.000245s
2025-07-08 07:03:29,623 - INFO -   Nodes: 4, Terminal: 0, Pruned: 0
2025-07-08 07:03:29,623 - INFO -   Best move: (CardPosition(rank=13, suit=0), (3, 9)), Score: 7.547
2025-07-08 07:03:29,624 - INFO - Depth 17 completed in 0.000246s
2025-07-08 07:03:29,624 - INFO -   Nodes: 4, Terminal: 0, Pruned: 0
2025-07-08 07:03:29,624 - INFO -   Best move: (CardPosition(rank=13, suit=0), (3, 9)), Score: 7.547
2025-07-08 07:03:29,624 - INFO - Depth 18 completed in 0.000245s
2025-07-08 07:03:29,624 - INFO -   Nodes: 4, Terminal: 0, Pruned: 0
2025-07-08 07:03:29,624 - INFO -   Best move: (CardPosition(rank=13, suit=0), (3, 9)), Score: 7.547
2025-07-08 07:03:29,624 - INFO - Depth 19 completed in 0.000243s
2025-07-08 07:03:29,624 - INFO -   Nodes: 4, Terminal: 0, Pruned: 0
2025-07-08 07:03:29,624 - INFO -   Best move: (CardPosition(rank=13, suit=0), (3, 9)), Score: 7.547
2025-07-08 07:03:29,625 - INFO - Depth 20 completed in 0.000265s
2025-07-08 07:03:29,625 - INFO -   Nodes: 4, Terminal: 0, Pruned: 0
2025-07-08 07:03:29,625 - INFO -   Best move: (CardPosition(rank=13, suit=0), (3, 9)), Score: 7.547
2025-07-08 07:03:29,625 - INFO - Depth 21 completed in 0.000244s
2025-07-08 07:03:29,625 - INFO -   Nodes: 4, Terminal: 0, Pruned: 0
2025-07-08 07:03:29,625 - INFO -   Best move: (CardPosition(rank=13, suit=0), (3, 9)), Score: 7.547
2025-07-08 07:03:29,625 - INFO - Depth 22 completed in 0.000243s
2025-07-08 07:03:29,625 - INFO -   Nodes: 4, Terminal: 0, Pruned: 0
2025-07-08 07:03:29,625 - INFO -   Best move: (CardPosition(rank=13, suit=0), (3, 9)), Score: 7.547
2025-07-08 07:03:29,626 - INFO - Depth 23 completed in 0.000244s
2025-07-08 07:03:29,626 - INFO -   Nodes: 4, Terminal: 0, Pruned: 0
2025-07-08 07:03:29,626 - INFO -   Best move: (CardPosition(rank=13, suit=0), (3, 9)), Score: 7.547
2025-07-08 07:03:29,626 - INFO - Depth 24 completed in 0.000248s
2025-07-08 07:03:29,626 - INFO -   Nodes: 4, Terminal: 0, Pruned: 0
2025-07-08 07:03:29,626 - INFO -   Best move: (CardPosition(rank=13, suit=0), (3, 9)), Score: 7.547
2025-07-08 07:03:29,626 - INFO - Depth 25 completed in 0.000243s
2025-07-08 07:03:29,626 - INFO -   Nodes: 4, Terminal: 0, Pruned: 0
2025-07-08 07:03:29,626 - INFO -   Best move: (CardPosition(rank=13, suit=0), (3, 9)), Score: 7.547
2025-07-08 07:03:29,626 - INFO - Iterative deepening completed: depth 25/25
2025-07-08 07:03:29,626 - INFO - === Search Completed ===
2025-07-08 07:03:29,626 - INFO - Positions evaluated: 100
2025-07-08 07:03:29,626 - INFO - Time taken: 0.008855s
2025-07-08 07:03:29,626 - INFO - Positions/second: 11292.79
2025-07-08 07:03:29,626 - INFO - Max depth reached: 1
2025-07-08 07:03:29,626 - INFO - Average depth reached: 1.00
2025-07-08 07:03:29,626 - INFO - Average branching factor: 3.50
2025-07-08 07:03:29,627 - INFO - Cache hits: 96
2025-07-08 07:03:29,627 - INFO - Cache misses: 4
2025-07-08 07:03:29,627 - INFO - Cache hit rate: 96.0%
2025-07-08 07:03:29,627 - INFO - Transposition table size: 4
2025-07-08 07:03:29,627 - INFO - === Search Started ===
2025-07-08 07:03:29,627 - INFO - Position: 4 legal moves available
2025-07-08 07:03:29,627 - INFO - Max search depth: 25
2025-07-08 07:03:29,627 - INFO - Depth 1 completed in 0.000586s
2025-07-08 07:03:29,627 - INFO -   Nodes: 4, Terminal: 4, Pruned: 0
2025-07-08 07:03:29,627 - INFO -   Best move: (CardPosition(rank=5, suit=0), (3, 7)), Score: 7.547
2025-07-08 07:03:29,628 - INFO - Depth 2 completed in 0.000243s
2025-07-08 07:03:29,628 - INFO -   Nodes: 4, Terminal: 0, Pruned: 0
2025-07-08 07:03:29,628 - INFO -   Best move: (CardPosition(rank=5, suit=0), (3, 7)), Score: 7.547
2025-07-08 07:03:29,628 - INFO - Depth 3 completed in 0.000241s
2025-07-08 07:03:29,628 - INFO -   Nodes: 4, Terminal: 0, Pruned: 0
2025-07-08 07:03:29,628 - INFO -   Best move: (CardPosition(rank=5, suit=0), (3, 7)), Score: 7.547
2025-07-08 07:03:29,628 - INFO - Depth 4 completed in 0.000239s
2025-07-08 07:03:29,628 - INFO -   Nodes: 4, Terminal: 0, Pruned: 0
2025-07-08 07:03:29,628 - INFO -   Best move: (CardPosition(rank=5, suit=0), (3, 7)), Score: 7.547
2025-07-08 07:03:29,629 - INFO - Depth 5 completed in 0.000246s
2025-07-08 07:03:29,629 - INFO -   Nodes: 4, Terminal: 0, Pruned: 0
2025-07-08 07:03:29,629 - INFO -   Best move: (CardPosition(rank=5, suit=0), (3, 7)), Score: 7.547
2025-07-08 07:03:29,629 - INFO - Depth 6 completed in 0.000239s
2025-07-08 07:03:29,629 - INFO -   Nodes: 4, Terminal: 0, Pruned: 0
2025-07-08 07:03:29,629 - INFO -   Best move: (CardPosition(rank=5, suit=0), (3, 7)), Score: 7.547
2025-07-08 07:03:29,629 - INFO - Depth 7 completed in 0.000240s
2025-07-08 07:03:29,629 - INFO -   Nodes: 4, Terminal: 0, Pruned: 0
2025-07-08 07:03:29,629 - INFO -   Best move: (CardPosition(rank=5, suit=0), (3, 7)), Score: 7.547
2025-07-08 07:03:29,630 - INFO - Depth 8 completed in 0.000242s
2025-07-08 07:03:29,630 - INFO -   Nodes: 4, Terminal: 0, Pruned: 0
2025-07-08 07:03:29,630 - INFO -   Best move: (CardPosition(rank=5, suit=0), (3, 7)), Score: 7.547
2025-07-08 07:03:29,630 - INFO - Depth 9 completed in 0.000239s
2025-07-08 07:03:29,630 - INFO -   Nodes: 4, Terminal: 0, Pruned: 0
2025-07-08 07:03:29,630 - INFO -   Best move: (CardPosition(rank=5, suit=0), (3, 7)), Score: 7.547
2025-07-08 07:03:29,630 - INFO - Depth 10 completed in 0.000239s
2025-07-08 07:03:29,630 - INFO -   Nodes: 4, Terminal: 0, Pruned: 0
2025-07-08 07:03:29,630 - INFO -   Best move: (CardPosition(rank=5, suit=0), (3, 7)), Score: 7.547
2025-07-08 07:03:29,631 - INFO - Depth 11 completed in 0.000238s
2025-07-08 07:03:29,631 - INFO -   Nodes: 4, Terminal: 0, Pruned: 0
2025-07-08 07:03:29,631 - INFO -   Best move: (CardPosition(rank=5, suit=0), (3, 7)), Score: 7.547
2025-07-08 07:03:29,631 - INFO - Depth 12 completed in 0.000236s
2025-07-08 07:03:29,631 - INFO -   Nodes: 4, Terminal: 0, Pruned: 0
2025-07-08 07:03:29,631 - INFO -   Best move: (CardPosition(rank=5, suit=0), (3, 7)), Score: 7.547
2025-07-08 07:03:29,631 - INFO - Depth 13 completed in 0.000237s
2025-07-08 07:03:29,631 - INFO -   Nodes: 4, Terminal: 0, Pruned: 0
2025-07-08 07:03:29,631 - INFO -   Best move: (CardPosition(rank=5, suit=0), (3, 7)), Score: 7.547
2025-07-08 07:03:29,632 - INFO - Depth 14 completed in 0.000241s
2025-07-08 07:03:29,632 - INFO -   Nodes: 4, Terminal: 0, Pruned: 0
2025-07-08 07:03:29,632 - INFO -   Best move: (CardPosition(rank=5, suit=0), (3, 7)), Score: 7.547
2025-07-08 07:03:29,632 - INFO - Depth 15 completed in 0.000243s
2025-07-08 07:03:29,632 - INFO -   Nodes: 4, Terminal: 0, Pruned: 0
2025-07-08 07:03:29,632 - INFO -   Best move: (CardPosition(rank=5, suit=0), (3, 7)), Score: 7.547
2025-07-08 07:03:29,632 - INFO - Depth 16 completed in 0.000243s
2025-07-08 07:03:29,632 - INFO -   Nodes: 4, Terminal: 0, Pruned: 0
2025-07-08 07:03:29,632 - INFO -   Best move: (CardPosition(rank=5, suit=0), (3, 7)), Score: 7.547
2025-07-08 07:03:29,633 - INFO - Depth 17 completed in 0.000237s
2025-07-08 07:03:29,633 - INFO -   Nodes: 4, Terminal: 0, Pruned: 0
2025-07-08 07:03:29,633 - INFO -   Best move: (CardPosition(rank=5, suit=0), (3, 7)), Score: 7.547
2025-07-08 07:03:29,633 - INFO - Depth 18 completed in 0.000237s
2025-07-08 07:03:29,633 - INFO -   Nodes: 4, Terminal: 0, Pruned: 0
2025-07-08 07:03:29,633 - INFO -   Best move: (CardPosition(rank=5, suit=0), (3, 7)), Score: 7.547
2025-07-08 07:03:29,633 - INFO - Depth 19 completed in 0.000239s
2025-07-08 07:03:29,633 - INFO -   Nodes: 4, Terminal: 0, Pruned: 0
2025-07-08 07:03:29,633 - INFO -   Best move: (CardPosition(rank=5, suit=0), (3, 7)), Score: 7.547
2025-07-08 07:03:29,634 - INFO - Depth 20 completed in 0.000238s
2025-07-08 07:03:29,634 - INFO -   Nodes: 4, Terminal: 0, Pruned: 0
2025-07-08 07:03:29,634 - INFO -   Best move: (CardPosition(rank=5, suit=0), (3, 7)), Score: 7.547
2025-07-08 07:03:29,634 - INFO - Depth 21 completed in 0.000239s
2025-07-08 07:03:29,634 - INFO -   Nodes: 4, Terminal: 0, Pruned: 0
2025-07-08 07:03:29,634 - INFO -   Best move: (CardPosition(rank=5, suit=0), (3, 7)), Score: 7.547
2025-07-08 07:03:29,634 - INFO - Depth 22 completed in 0.000237s
2025-07-08 07:03:29,634 - INFO -   Nodes: 4, Terminal: 0, Pruned: 0
2025-07-08 07:03:29,634 - INFO -   Best move: (CardPosition(rank=5, suit=0), (3, 7)), Score: 7.547
2025-07-08 07:03:29,635 - INFO - Depth 23 completed in 0.000238s
2025-07-08 07:03:29,635 - INFO -   Nodes: 4, Terminal: 0, Pruned: 0
2025-07-08 07:03:29,635 - INFO -   Best move: (CardPosition(rank=5, suit=0), (3, 7)), Score: 7.547
2025-07-08 07:03:29,635 - INFO - Depth 24 completed in 0.000237s
2025-07-08 07:03:29,635 - INFO -   Nodes: 4, Terminal: 0, Pruned: 0
2025-07-08 07:03:29,635 - INFO -   Best move: (CardPosition(rank=5, suit=0), (3, 7)), Score: 7.547
2025-07-08 07:03:29,635 - INFO - Depth 25 completed in 0.000238s
2025-07-08 07:03:29,635 - INFO -   Nodes: 4, Terminal: 0, Pruned: 0
2025-07-08 07:03:29,635 - INFO -   Best move: (CardPosition(rank=5, suit=0), (3, 7)), Score: 7.547
2025-07-08 07:03:29,635 - INFO - Iterative deepening completed: depth 25/25
2025-07-08 07:03:29,635 - INFO - === Search Completed ===
2025-07-08 07:03:29,635 - INFO - Positions evaluated: 100
2025-07-08 07:03:29,635 - INFO - Time taken: 0.008624s
2025-07-08 07:03:29,635 - INFO - Positions/second: 11596.02
2025-07-08 07:03:29,635 - INFO - Max depth reached: 1
2025-07-08 07:03:29,635 - INFO - Average depth reached: 1.00
2025-07-08 07:03:29,635 - INFO - Average branching factor: 3.50
2025-07-08 07:03:29,636 - INFO - Cache hits: 96
2025-07-08 07:03:29,636 - INFO - Cache misses: 4
2025-07-08 07:03:29,636 - INFO - Cache hit rate: 96.0%
2025-07-08 07:03:29,636 - INFO - Transposition table size: 4
2025-07-08 07:03:29,636 - INFO - === Search Started ===
2025-07-08 07:03:29,636 - INFO - Position: 4 legal moves available
2025-07-08 07:03:29,636 - INFO - Max search depth: 25
2025-07-08 07:03:29,636 - INFO - Depth 1 completed in 0.000538s
2025-07-08 07:03:29,636 - INFO -   Nodes: 4, Terminal: 4, Pruned: 0
2025-07-08 07:03:29,636 - INFO -   Best move: (CardPosition(rank=4, suit=1), (1, 2)), Score: 9.434
2025-07-08 07:03:29,637 - INFO - Depth 2 completed in 0.000243s
2025-07-08 07:03:29,637 - INFO -   Nodes: 4, Terminal: 0, Pruned: 0
2025-07-08 07:03:29,637 - INFO -   Best move: (CardPosition(rank=4, suit=1), (1, 2)), Score: 9.434
2025-07-08 07:03:29,637 - INFO - Depth 3 completed in 0.000240s
2025-07-08 07:03:29,637 - INFO -   Nodes: 4, Terminal: 0, Pruned: 0
2025-07-08 07:03:29,637 - INFO -   Best move: (CardPosition(rank=4, suit=1), (1, 2)), Score: 9.434
2025-07-08 07:03:29,637 - INFO - Depth 4 completed in 0.000240s
2025-07-08 07:03:29,637 - INFO -   Nodes: 4, Terminal: 0, Pruned: 0
2025-07-08 07:03:29,637 - INFO -   Best move: (CardPosition(rank=4, suit=1), (1, 2)), Score: 9.434
2025-07-08 07:03:29,638 - INFO - Depth 5 completed in 0.000241s
2025-07-08 07:03:29,638 - INFO -   Nodes: 4, Terminal: 0, Pruned: 0
2025-07-08 07:03:29,638 - INFO -   Best move: (CardPosition(rank=4, suit=1), (1, 2)), Score: 9.434
2025-07-08 07:03:29,638 - INFO - Depth 6 completed in 0.000240s
2025-07-08 07:03:29,638 - INFO -   Nodes: 4, Terminal: 0, Pruned: 0
2025-07-08 07:03:29,638 - INFO -   Best move: (CardPosition(rank=4, suit=1), (1, 2)), Score: 9.434
2025-07-08 07:03:29,638 - INFO - Depth 7 completed in 0.000239s
2025-07-08 07:03:29,638 - INFO -   Nodes: 4, Terminal: 0, Pruned: 0
2025-07-08 07:03:29,638 - INFO -   Best move: (CardPosition(rank=4, suit=1), (1, 2)), Score: 9.434
2025-07-08 07:03:29,639 - INFO - Depth 8 completed in 0.000239s
2025-07-08 07:03:29,639 - INFO -   Nodes: 4, Terminal: 0, Pruned: 0
2025-07-08 07:03:29,639 - INFO -   Best move: (CardPosition(rank=4, suit=1), (1, 2)), Score: 9.434
2025-07-08 07:03:29,639 - INFO - Depth 9 completed in 0.000239s
2025-07-08 07:03:29,639 - INFO -   Nodes: 4, Terminal: 0, Pruned: 0
2025-07-08 07:03:29,639 - INFO -   Best move: (CardPosition(rank=4, suit=1), (1, 2)), Score: 9.434
2025-07-08 07:03:29,639 - INFO - Depth 10 completed in 0.000237s
2025-07-08 07:03:29,639 - INFO -   Nodes: 4, Terminal: 0, Pruned: 0
2025-07-08 07:03:29,639 - INFO -   Best move: (CardPosition(rank=4, suit=1), (1, 2)), Score: 9.434
2025-07-08 07:03:29,640 - INFO - Depth 11 completed in 0.000239s
2025-07-08 07:03:29,640 - INFO -   Nodes: 4, Terminal: 0, Pruned: 0
2025-07-08 07:03:29,640 - INFO -   Best move: (CardPosition(rank=4, suit=1), (1, 2)), Score: 9.434
2025-07-08 07:03:29,640 - INFO - Depth 12 completed in 0.000239s
2025-07-08 07:03:29,640 - INFO -   Nodes: 4, Terminal: 0, Pruned: 0
2025-07-08 07:03:29,640 - INFO -   Best move: (CardPosition(rank=4, suit=1), (1, 2)), Score: 9.434
2025-07-08 07:03:29,640 - INFO - Depth 13 completed in 0.000238s
2025-07-08 07:03:29,640 - INFO -   Nodes: 4, Terminal: 0, Pruned: 0
2025-07-08 07:03:29,640 - INFO -   Best move: (CardPosition(rank=4, suit=1), (1, 2)), Score: 9.434
2025-07-08 07:03:29,641 - INFO - Depth 14 completed in 0.000240s
2025-07-08 07:03:29,641 - INFO -   Nodes: 4, Terminal: 0, Pruned: 0
2025-07-08 07:03:29,641 - INFO -   Best move: (CardPosition(rank=4, suit=1), (1, 2)), Score: 9.434
2025-07-08 07:03:29,641 - INFO - Depth 15 completed in 0.000238s
2025-07-08 07:03:29,641 - INFO -   Nodes: 4, Terminal: 0, Pruned: 0
2025-07-08 07:03:29,641 - INFO -   Best move: (CardPosition(rank=4, suit=1), (1, 2)), Score: 9.434
2025-07-08 07:03:29,641 - INFO - Depth 16 completed in 0.000436s
2025-07-08 07:03:29,641 - INFO -   Nodes: 4, Terminal: 0, Pruned: 0
2025-07-08 07:03:29,641 - INFO -   Best move: (CardPosition(rank=4, suit=1), (1, 2)), Score: 9.434
2025-07-08 07:03:29,642 - INFO - Depth 17 completed in 0.000242s
2025-07-08 07:03:29,642 - INFO -   Nodes: 4, Terminal: 0, Pruned: 0
2025-07-08 07:03:29,642 - INFO -   Best move: (CardPosition(rank=4, suit=1), (1, 2)), Score: 9.434
2025-07-08 07:03:29,642 - INFO - Depth 18 completed in 0.000242s
2025-07-08 07:03:29,642 - INFO -   Nodes: 4, Terminal: 0, Pruned: 0
2025-07-08 07:03:29,642 - INFO -   Best move: (CardPosition(rank=4, suit=1), (1, 2)), Score: 9.434
2025-07-08 07:03:29,642 - INFO - Depth 19 completed in 0.000236s
2025-07-08 07:03:29,642 - INFO -   Nodes: 4, Terminal: 0, Pruned: 0
2025-07-08 07:03:29,642 - INFO -   Best move: (CardPosition(rank=4, suit=1), (1, 2)), Score: 9.434
2025-07-08 07:03:29,643 - INFO - Depth 20 completed in 0.000236s
2025-07-08 07:03:29,643 - INFO -   Nodes: 4, Terminal: 0, Pruned: 0
2025-07-08 07:03:29,643 - INFO -   Best move: (CardPosition(rank=4, suit=1), (1, 2)), Score: 9.434
2025-07-08 07:03:29,643 - INFO - Depth 21 completed in 0.000235s
2025-07-08 07:03:29,643 - INFO -   Nodes: 4, Terminal: 0, Pruned: 0
2025-07-08 07:03:29,643 - INFO -   Best move: (CardPosition(rank=4, suit=1), (1, 2)), Score: 9.434
2025-07-08 07:03:29,643 - INFO - Depth 22 completed in 0.000235s
2025-07-08 07:03:29,643 - INFO -   Nodes: 4, Terminal: 0, Pruned: 0
2025-07-08 07:03:29,643 - INFO -   Best move: (CardPosition(rank=4, suit=1), (1, 2)), Score: 9.434
2025-07-08 07:03:29,644 - INFO - Depth 23 completed in 0.000234s
2025-07-08 07:03:29,644 - INFO -   Nodes: 4, Terminal: 0, Pruned: 0
2025-07-08 07:03:29,644 - INFO -   Best move: (CardPosition(rank=4, suit=1), (1, 2)), Score: 9.434
2025-07-08 07:03:29,644 - INFO - Depth 24 completed in 0.000236s
2025-07-08 07:03:29,644 - INFO -   Nodes: 4, Terminal: 0, Pruned: 0
2025-07-08 07:03:29,644 - INFO -   Best move: (CardPosition(rank=4, suit=1), (1, 2)), Score: 9.434
2025-07-08 07:03:29,644 - INFO - Depth 25 completed in 0.000233s
2025-07-08 07:03:29,644 - INFO -   Nodes: 4, Terminal: 0, Pruned: 0
2025-07-08 07:03:29,644 - INFO -   Best move: (CardPosition(rank=4, suit=1), (1, 2)), Score: 9.434
2025-07-08 07:03:29,644 - INFO - Iterative deepening completed: depth 25/25
2025-07-08 07:03:29,644 - INFO - === Search Completed ===
2025-07-08 07:03:29,644 - INFO - Positions evaluated: 100
2025-07-08 07:03:29,644 - INFO - Time taken: 0.008731s
2025-07-08 07:03:29,645 - INFO - Positions/second: 11453.42
2025-07-08 07:03:29,645 - INFO - Max depth reached: 1
2025-07-08 07:03:29,645 - INFO - Average depth reached: 1.00
2025-07-08 07:03:29,645 - INFO - Average branching factor: 3.50
2025-07-08 07:03:29,645 - INFO - Cache hits: 96
2025-07-08 07:03:29,645 - INFO - Cache misses: 4
2025-07-08 07:03:29,645 - INFO - Cache hit rate: 96.0%
2025-07-08 07:03:29,645 - INFO - Transposition table size: 4
2025-07-08 07:03:29,645 - INFO - === Search Started ===
2025-07-08 07:03:29,645 - INFO - Position: 4 legal moves available
2025-07-08 07:03:29,645 - INFO - Max search depth: 25
2025-07-08 07:03:29,645 - INFO - Depth 1 completed in 0.000540s
2025-07-08 07:03:29,645 - INFO -   Nodes: 4, Terminal: 4, Pruned: 0
2025-07-08 07:03:29,645 - INFO -   Best move: (CardPosition(rank=9, suit=2), (1, 6)), Score: 9.434
2025-07-08 07:03:29,646 - INFO - Depth 2 completed in 0.000243s
2025-07-08 07:03:29,646 - INFO -   Nodes: 4, Terminal: 0, Pruned: 0
2025-07-08 07:03:29,646 - INFO -   Best move: (CardPosition(rank=9, suit=2), (1, 6)), Score: 9.434
2025-07-08 07:03:29,646 - INFO - Depth 3 completed in 0.000241s
2025-07-08 07:03:29,646 - INFO -   Nodes: 4, Terminal: 0, Pruned: 0
2025-07-08 07:03:29,646 - INFO -   Best move: (CardPosition(rank=9, suit=2), (1, 6)), Score: 9.434
2025-07-08 07:03:29,646 - INFO - Depth 4 completed in 0.000239s
2025-07-08 07:03:29,646 - INFO -   Nodes: 4, Terminal: 0, Pruned: 0
2025-07-08 07:03:29,646 - INFO -   Best move: (CardPosition(rank=9, suit=2), (1, 6)), Score: 9.434
2025-07-08 07:03:29,647 - INFO - Depth 5 completed in 0.000238s
2025-07-08 07:03:29,647 - INFO -   Nodes: 4, Terminal: 0, Pruned: 0
2025-07-08 07:03:29,647 - INFO -   Best move: (CardPosition(rank=9, suit=2), (1, 6)), Score: 9.434
2025-07-08 07:03:29,647 - INFO - Depth 6 completed in 0.000237s
2025-07-08 07:03:29,647 - INFO -   Nodes: 4, Terminal: 0, Pruned: 0
2025-07-08 07:03:29,647 - INFO -   Best move: (CardPosition(rank=9, suit=2), (1, 6)), Score: 9.434
2025-07-08 07:03:29,647 - INFO - Depth 7 completed in 0.000237s
2025-07-08 07:03:29,647 - INFO -   Nodes: 4, Terminal: 0, Pruned: 0
2025-07-08 07:03:29,647 - INFO -   Best move: (CardPosition(rank=9, suit=2), (1, 6)), Score: 9.434
2025-07-08 07:03:29,648 - INFO - Depth 8 completed in 0.000237s
2025-07-08 07:03:29,648 - INFO -   Nodes: 4, Terminal: 0, Pruned: 0
2025-07-08 07:03:29,648 - INFO -   Best move: (CardPosition(rank=9, suit=2), (1, 6)), Score: 9.434
2025-07-08 07:03:29,648 - INFO - Depth 9 completed in 0.000279s
2025-07-08 07:03:29,648 - INFO -   Nodes: 4, Terminal: 0, Pruned: 0
2025-07-08 07:03:29,648 - INFO -   Best move: (CardPosition(rank=9, suit=2), (1, 6)), Score: 9.434
2025-07-08 07:03:29,648 - INFO - Depth 10 completed in 0.000239s
2025-07-08 07:03:29,648 - INFO -   Nodes: 4, Terminal: 0, Pruned: 0
2025-07-08 07:03:29,648 - INFO -   Best move: (CardPosition(rank=9, suit=2), (1, 6)), Score: 9.434
2025-07-08 07:03:29,649 - INFO - Depth 11 completed in 0.000240s
2025-07-08 07:03:29,649 - INFO -   Nodes: 4, Terminal: 0, Pruned: 0
2025-07-08 07:03:29,649 - INFO -   Best move: (CardPosition(rank=9, suit=2), (1, 6)), Score: 9.434
2025-07-08 07:03:29,649 - INFO - Depth 12 completed in 0.000239s
2025-07-08 07:03:29,649 - INFO -   Nodes: 4, Terminal: 0, Pruned: 0
2025-07-08 07:03:29,649 - INFO -   Best move: (CardPosition(rank=9, suit=2), (1, 6)), Score: 9.434
2025-07-08 07:03:29,649 - INFO - Depth 13 completed in 0.000238s
2025-07-08 07:03:29,649 - INFO -   Nodes: 4, Terminal: 0, Pruned: 0
2025-07-08 07:03:29,649 - INFO -   Best move: (CardPosition(rank=9, suit=2), (1, 6)), Score: 9.434
2025-07-08 07:03:29,650 - INFO - Depth 14 completed in 0.000236s
2025-07-08 07:03:29,650 - INFO -   Nodes: 4, Terminal: 0, Pruned: 0
2025-07-08 07:03:29,650 - INFO -   Best move: (CardPosition(rank=9, suit=2), (1, 6)), Score: 9.434
2025-07-08 07:03:29,650 - INFO - Depth 15 completed in 0.000237s
2025-07-08 07:03:29,650 - INFO -   Nodes: 4, Terminal: 0, Pruned: 0
2025-07-08 07:03:29,650 - INFO -   Best move: (CardPosition(rank=9, suit=2), (1, 6)), Score: 9.434
2025-07-08 07:03:29,650 - INFO - Depth 16 completed in 0.000237s
2025-07-08 07:03:29,650 - INFO -   Nodes: 4, Terminal: 0, Pruned: 0
2025-07-08 07:03:29,650 - INFO -   Best move: (CardPosition(rank=9, suit=2), (1, 6)), Score: 9.434
2025-07-08 07:03:29,651 - INFO - Depth 17 completed in 0.000239s
2025-07-08 07:03:29,651 - INFO -   Nodes: 4, Terminal: 0, Pruned: 0
2025-07-08 07:03:29,651 - INFO -   Best move: (CardPosition(rank=9, suit=2), (1, 6)), Score: 9.434
2025-07-08 07:03:29,651 - INFO - Depth 18 completed in 0.000235s
2025-07-08 07:03:29,651 - INFO -   Nodes: 4, Terminal: 0, Pruned: 0
2025-07-08 07:03:29,651 - INFO -   Best move: (CardPosition(rank=9, suit=2), (1, 6)), Score: 9.434
2025-07-08 07:03:29,651 - INFO - Depth 19 completed in 0.000240s
2025-07-08 07:03:29,651 - INFO -   Nodes: 4, Terminal: 0, Pruned: 0
2025-07-08 07:03:29,651 - INFO -   Best move: (CardPosition(rank=9, suit=2), (1, 6)), Score: 9.434
2025-07-08 07:03:29,652 - INFO - Depth 20 completed in 0.000238s
2025-07-08 07:03:29,652 - INFO -   Nodes: 4, Terminal: 0, Pruned: 0
2025-07-08 07:03:29,652 - INFO -   Best move: (CardPosition(rank=9, suit=2), (1, 6)), Score: 9.434
2025-07-08 07:03:29,652 - INFO - Depth 21 completed in 0.000241s
2025-07-08 07:03:29,652 - INFO -   Nodes: 4, Terminal: 0, Pruned: 0
2025-07-08 07:03:29,652 - INFO -   Best move: (CardPosition(rank=9, suit=2), (1, 6)), Score: 9.434
2025-07-08 07:03:29,652 - INFO - Depth 22 completed in 0.000238s
2025-07-08 07:03:29,652 - INFO -   Nodes: 4, Terminal: 0, Pruned: 0
2025-07-08 07:03:29,652 - INFO -   Best move: (CardPosition(rank=9, suit=2), (1, 6)), Score: 9.434
2025-07-08 07:03:29,653 - INFO - Depth 23 completed in 0.000238s
2025-07-08 07:03:29,653 - INFO -   Nodes: 4, Terminal: 0, Pruned: 0
2025-07-08 07:03:29,653 - INFO -   Best move: (CardPosition(rank=9, suit=2), (1, 6)), Score: 9.434
2025-07-08 07:03:29,653 - INFO - Depth 24 completed in 0.000239s
2025-07-08 07:03:29,653 - INFO -   Nodes: 4, Terminal: 0, Pruned: 0
2025-07-08 07:03:29,653 - INFO -   Best move: (CardPosition(rank=9, suit=2), (1, 6)), Score: 9.434
2025-07-08 07:03:29,653 - INFO - Depth 25 completed in 0.000239s
2025-07-08 07:03:29,653 - INFO -   Nodes: 4, Terminal: 0, Pruned: 0
2025-07-08 07:03:29,653 - INFO -   Best move: (CardPosition(rank=9, suit=2), (1, 6)), Score: 9.434
2025-07-08 07:03:29,653 - INFO - Iterative deepening completed: depth 25/25
2025-07-08 07:03:29,653 - INFO - === Search Completed ===
2025-07-08 07:03:29,653 - INFO - Positions evaluated: 100
2025-07-08 07:03:29,653 - INFO - Time taken: 0.008520s
2025-07-08 07:03:29,653 - INFO - Positions/second: 11737.01
2025-07-08 07:03:29,653 - INFO - Max depth reached: 1
2025-07-08 07:03:29,653 - INFO - Average depth reached: 1.00
2025-07-08 07:03:29,653 - INFO - Average branching factor: 3.25
2025-07-08 07:03:29,653 - INFO - Cache hits: 96
2025-07-08 07:03:29,654 - INFO - Cache misses: 4
2025-07-08 07:03:29,654 - INFO - Cache hit rate: 96.0%
2025-07-08 07:03:29,654 - INFO - Transposition table size: 4
2025-07-08 07:03:29,654 - INFO - === Search Started ===
2025-07-08 07:03:29,654 - INFO - Position: 3 legal moves available
2025-07-08 07:03:29,654 - INFO - Max search depth: 25
2025-07-08 07:03:29,654 - INFO - Depth 1 completed in 0.000392s
2025-07-08 07:03:29,654 - INFO -   Nodes: 3, Terminal: 3, Pruned: 0
2025-07-08 07:03:29,654 - INFO -   Best move: (CardPosition(rank=3, suit=2), (3, 12)), Score: 9.434
2025-07-08 07:03:29,654 - INFO - Depth 2 completed in 0.000182s
2025-07-08 07:03:29,654 - INFO -   Nodes: 3, Terminal: 0, Pruned: 0
2025-07-08 07:03:29,655 - INFO -   Best move: (CardPosition(rank=3, suit=2), (3, 12)), Score: 9.434
2025-07-08 07:03:29,655 - INFO - Depth 3 completed in 0.000181s
2025-07-08 07:03:29,655 - INFO -   Nodes: 3, Terminal: 0, Pruned: 0
2025-07-08 07:03:29,655 - INFO -   Best move: (CardPosition(rank=3, suit=2), (3, 12)), Score: 9.434
2025-07-08 07:03:29,655 - INFO - Depth 4 completed in 0.000180s
2025-07-08 07:03:29,655 - INFO -   Nodes: 3, Terminal: 0, Pruned: 0
2025-07-08 07:03:29,655 - INFO -   Best move: (CardPosition(rank=3, suit=2), (3, 12)), Score: 9.434
2025-07-08 07:03:29,655 - INFO - Depth 5 completed in 0.000180s
2025-07-08 07:03:29,655 - INFO -   Nodes: 3, Terminal: 0, Pruned: 0
2025-07-08 07:03:29,655 - INFO -   Best move: (CardPosition(rank=3, suit=2), (3, 12)), Score: 9.434
2025-07-08 07:03:29,656 - INFO - Depth 6 completed in 0.000181s
2025-07-08 07:03:29,656 - INFO -   Nodes: 3, Terminal: 0, Pruned: 0
2025-07-08 07:03:29,656 - INFO -   Best move: (CardPosition(rank=3, suit=2), (3, 12)), Score: 9.434
2025-07-08 07:03:29,656 - INFO - Depth 7 completed in 0.000179s
2025-07-08 07:03:29,656 - INFO -   Nodes: 3, Terminal: 0, Pruned: 0
2025-07-08 07:03:29,656 - INFO -   Best move: (CardPosition(rank=3, suit=2), (3, 12)), Score: 9.434
2025-07-08 07:03:29,656 - INFO - Depth 8 completed in 0.000181s
2025-07-08 07:03:29,656 - INFO -   Nodes: 3, Terminal: 0, Pruned: 0
2025-07-08 07:03:29,656 - INFO -   Best move: (CardPosition(rank=3, suit=2), (3, 12)), Score: 9.434
2025-07-08 07:03:29,656 - INFO - Depth 9 completed in 0.000180s
2025-07-08 07:03:29,656 - INFO -   Nodes: 3, Terminal: 0, Pruned: 0
2025-07-08 07:03:29,656 - INFO -   Best move: (CardPosition(rank=3, suit=2), (3, 12)), Score: 9.434
2025-07-08 07:03:29,657 - INFO - Depth 10 completed in 0.000179s
2025-07-08 07:03:29,657 - INFO -   Nodes: 3, Terminal: 0, Pruned: 0
2025-07-08 07:03:29,657 - INFO -   Best move: (CardPosition(rank=3, suit=2), (3, 12)), Score: 9.434
2025-07-08 07:03:29,657 - INFO - Depth 11 completed in 0.000180s
2025-07-08 07:03:29,657 - INFO -   Nodes: 3, Terminal: 0, Pruned: 0
2025-07-08 07:03:29,657 - INFO -   Best move: (CardPosition(rank=3, suit=2), (3, 12)), Score: 9.434
2025-07-08 07:03:29,657 - INFO - Depth 12 completed in 0.000180s
2025-07-08 07:03:29,657 - INFO -   Nodes: 3, Terminal: 0, Pruned: 0
2025-07-08 07:03:29,657 - INFO -   Best move: (CardPosition(rank=3, suit=2), (3, 12)), Score: 9.434
2025-07-08 07:03:29,657 - INFO - Depth 13 completed in 0.000181s
2025-07-08 07:03:29,657 - INFO -   Nodes: 3, Terminal: 0, Pruned: 0
2025-07-08 07:03:29,657 - INFO -   Best move: (CardPosition(rank=3, suit=2), (3, 12)), Score: 9.434
2025-07-08 07:03:29,658 - INFO - Depth 14 completed in 0.000179s
2025-07-08 07:03:29,658 - INFO -   Nodes: 3, Terminal: 0, Pruned: 0
2025-07-08 07:03:29,658 - INFO -   Best move: (CardPosition(rank=3, suit=2), (3, 12)), Score: 9.434
2025-07-08 07:03:29,658 - INFO - Depth 15 completed in 0.000180s
2025-07-08 07:03:29,658 - INFO -   Nodes: 3, Terminal: 0, Pruned: 0
2025-07-08 07:03:29,658 - INFO -   Best move: (CardPosition(rank=3, suit=2), (3, 12)), Score: 9.434
2025-07-08 07:03:29,658 - INFO - Depth 16 completed in 0.000282s
2025-07-08 07:03:29,658 - INFO -   Nodes: 3, Terminal: 0, Pruned: 0
2025-07-08 07:03:29,658 - INFO -   Best move: (CardPosition(rank=3, suit=2), (3, 12)), Score: 9.434
2025-07-08 07:03:29,659 - INFO - Depth 17 completed in 0.000196s
2025-07-08 07:03:29,659 - INFO -   Nodes: 3, Terminal: 0, Pruned: 0
2025-07-08 07:03:29,659 - INFO -   Best move: (CardPosition(rank=3, suit=2), (3, 12)), Score: 9.434
2025-07-08 07:03:29,659 - INFO - Depth 18 completed in 0.000190s
2025-07-08 07:03:29,659 - INFO -   Nodes: 3, Terminal: 0, Pruned: 0
2025-07-08 07:03:29,659 - INFO -   Best move: (CardPosition(rank=3, suit=2), (3, 12)), Score: 9.434
2025-07-08 07:03:29,659 - INFO - Depth 19 completed in 0.000186s
2025-07-08 07:03:29,659 - INFO -   Nodes: 3, Terminal: 0, Pruned: 0
2025-07-08 07:03:29,659 - INFO -   Best move: (CardPosition(rank=3, suit=2), (3, 12)), Score: 9.434
2025-07-08 07:03:29,659 - INFO - Depth 20 completed in 0.000184s
2025-07-08 07:03:29,659 - INFO -   Nodes: 3, Terminal: 0, Pruned: 0
2025-07-08 07:03:29,659 - INFO -   Best move: (CardPosition(rank=3, suit=2), (3, 12)), Score: 9.434
2025-07-08 07:03:29,660 - INFO - Depth 21 completed in 0.000183s
2025-07-08 07:03:29,660 - INFO -   Nodes: 3, Terminal: 0, Pruned: 0
2025-07-08 07:03:29,660 - INFO -   Best move: (CardPosition(rank=3, suit=2), (3, 12)), Score: 9.434
2025-07-08 07:03:29,660 - INFO - Depth 22 completed in 0.000184s
2025-07-08 07:03:29,660 - INFO -   Nodes: 3, Terminal: 0, Pruned: 0
2025-07-08 07:03:29,660 - INFO -   Best move: (CardPosition(rank=3, suit=2), (3, 12)), Score: 9.434
2025-07-08 07:03:29,660 - INFO - Depth 23 completed in 0.000183s
2025-07-08 07:03:29,660 - INFO -   Nodes: 3, Terminal: 0, Pruned: 0
2025-07-08 07:03:29,660 - INFO -   Best move: (CardPosition(rank=3, suit=2), (3, 12)), Score: 9.434
2025-07-08 07:03:29,660 - INFO - Depth 24 completed in 0.000185s
2025-07-08 07:03:29,660 - INFO -   Nodes: 3, Terminal: 0, Pruned: 0
2025-07-08 07:03:29,661 - INFO -   Best move: (CardPosition(rank=3, suit=2), (3, 12)), Score: 9.434
2025-07-08 07:03:29,661 - INFO - Depth 25 completed in 0.000183s
2025-07-08 07:03:29,661 - INFO -   Nodes: 3, Terminal: 0, Pruned: 0
2025-07-08 07:03:29,661 - INFO -   Best move: (CardPosition(rank=3, suit=2), (3, 12)), Score: 9.434
2025-07-08 07:03:29,661 - INFO - Iterative deepening completed: depth 25/25
2025-07-08 07:03:29,661 - INFO - === Search Completed ===
2025-07-08 07:03:29,661 - INFO - Positions evaluated: 75
2025-07-08 07:03:29,661 - INFO - Time taken: 0.007113s
2025-07-08 07:03:29,661 - INFO - Positions/second: 10544.79
2025-07-08 07:03:29,661 - INFO - Max depth reached: 1
2025-07-08 07:03:29,661 - INFO - Average depth reached: 1.00
2025-07-08 07:03:29,661 - INFO - Average branching factor: 2.67
2025-07-08 07:03:29,661 - INFO - Cache hits: 72
2025-07-08 07:03:29,661 - INFO - Cache misses: 3
2025-07-08 07:03:29,661 - INFO - Cache hit rate: 96.0%
2025-07-08 07:03:29,661 - INFO - Transposition table size: 3
2025-07-08 07:03:29,661 - INFO - === Search Started ===
2025-07-08 07:03:29,661 - INFO - Position: 4 legal moves available
2025-07-08 07:03:29,661 - INFO - Max search depth: 25
2025-07-08 07:03:29,662 - INFO - Depth 1 completed in 0.000532s
2025-07-08 07:03:29,662 - INFO -   Nodes: 4, Terminal: 4, Pruned: 0
2025-07-08 07:03:29,662 - INFO -   Best move: (CardPosition(rank=2, suit=3), (2, 0)), Score: 11.321
2025-07-08 07:03:29,662 - INFO - Depth 2 completed in 0.000251s
2025-07-08 07:03:29,662 - INFO -   Nodes: 4, Terminal: 0, Pruned: 0
2025-07-08 07:03:29,662 - INFO -   Best move: (CardPosition(rank=2, suit=3), (2, 0)), Score: 11.321
2025-07-08 07:03:29,663 - INFO - Depth 3 completed in 0.000253s
2025-07-08 07:03:29,663 - INFO -   Nodes: 4, Terminal: 0, Pruned: 0
2025-07-08 07:03:29,663 - INFO -   Best move: (CardPosition(rank=2, suit=3), (2, 0)), Score: 11.321
2025-07-08 07:03:29,663 - INFO - Depth 4 completed in 0.000246s
2025-07-08 07:03:29,663 - INFO -   Nodes: 4, Terminal: 0, Pruned: 0
2025-07-08 07:03:29,663 - INFO -   Best move: (CardPosition(rank=2, suit=3), (2, 0)), Score: 11.321
2025-07-08 07:03:29,663 - INFO - Depth 5 completed in 0.000245s
2025-07-08 07:03:29,663 - INFO -   Nodes: 4, Terminal: 0, Pruned: 0
2025-07-08 07:03:29,663 - INFO -   Best move: (CardPosition(rank=2, suit=3), (2, 0)), Score: 11.321
2025-07-08 07:03:29,664 - INFO - Depth 6 completed in 0.000245s
2025-07-08 07:03:29,664 - INFO -   Nodes: 4, Terminal: 0, Pruned: 0
2025-07-08 07:03:29,664 - INFO -   Best move: (CardPosition(rank=2, suit=3), (2, 0)), Score: 11.321
2025-07-08 07:03:29,664 - INFO - Depth 7 completed in 0.000245s
2025-07-08 07:03:29,664 - INFO -   Nodes: 4, Terminal: 0, Pruned: 0
2025-07-08 07:03:29,664 - INFO -   Best move: (CardPosition(rank=2, suit=3), (2, 0)), Score: 11.321
2025-07-08 07:03:29,664 - INFO - Depth 8 completed in 0.000252s
2025-07-08 07:03:29,664 - INFO -   Nodes: 4, Terminal: 0, Pruned: 0
2025-07-08 07:03:29,664 - INFO -   Best move: (CardPosition(rank=2, suit=3), (2, 0)), Score: 11.321
2025-07-08 07:03:29,665 - INFO - Depth 9 completed in 0.000247s
2025-07-08 07:03:29,665 - INFO -   Nodes: 4, Terminal: 0, Pruned: 0
2025-07-08 07:03:29,665 - INFO -   Best move: (CardPosition(rank=2, suit=3), (2, 0)), Score: 11.321
2025-07-08 07:03:29,665 - INFO - Depth 10 completed in 0.000248s
2025-07-08 07:03:29,665 - INFO -   Nodes: 4, Terminal: 0, Pruned: 0
2025-07-08 07:03:29,665 - INFO -   Best move: (CardPosition(rank=2, suit=3), (2, 0)), Score: 11.321
2025-07-08 07:03:29,665 - INFO - Depth 11 completed in 0.000245s
2025-07-08 07:03:29,665 - INFO -   Nodes: 4, Terminal: 0, Pruned: 0
2025-07-08 07:03:29,665 - INFO -   Best move: (CardPosition(rank=2, suit=3), (2, 0)), Score: 11.321
2025-07-08 07:03:29,666 - INFO - Depth 12 completed in 0.000244s
2025-07-08 07:03:29,666 - INFO -   Nodes: 4, Terminal: 0, Pruned: 0
2025-07-08 07:03:29,666 - INFO -   Best move: (CardPosition(rank=2, suit=3), (2, 0)), Score: 11.321
2025-07-08 07:03:29,666 - INFO - Depth 13 completed in 0.000245s
2025-07-08 07:03:29,666 - INFO -   Nodes: 4, Terminal: 0, Pruned: 0
2025-07-08 07:03:29,666 - INFO -   Best move: (CardPosition(rank=2, suit=3), (2, 0)), Score: 11.321
2025-07-08 07:03:29,666 - INFO - Depth 14 completed in 0.000244s
2025-07-08 07:03:29,666 - INFO -   Nodes: 4, Terminal: 0, Pruned: 0
2025-07-08 07:03:29,666 - INFO -   Best move: (CardPosition(rank=2, suit=3), (2, 0)), Score: 11.321
2025-07-08 07:03:29,667 - INFO - Depth 15 completed in 0.000245s
2025-07-08 07:03:29,667 - INFO -   Nodes: 4, Terminal: 0, Pruned: 0
2025-07-08 07:03:29,667 - INFO -   Best move: (CardPosition(rank=2, suit=3), (2, 0)), Score: 11.321
2025-07-08 07:03:29,667 - INFO - Depth 16 completed in 0.000245s
2025-07-08 07:03:29,667 - INFO -   Nodes: 4, Terminal: 0, Pruned: 0
2025-07-08 07:03:29,667 - INFO -   Best move: (CardPosition(rank=2, suit=3), (2, 0)), Score: 11.321
2025-07-08 07:03:29,667 - INFO - Depth 17 completed in 0.000244s
2025-07-08 07:03:29,667 - INFO -   Nodes: 4, Terminal: 0, Pruned: 0
2025-07-08 07:03:29,667 - INFO -   Best move: (CardPosition(rank=2, suit=3), (2, 0)), Score: 11.321
2025-07-08 07:03:29,668 - INFO - Depth 18 completed in 0.000244s
2025-07-08 07:03:29,668 - INFO -   Nodes: 4, Terminal: 0, Pruned: 0
2025-07-08 07:03:29,668 - INFO -   Best move: (CardPosition(rank=2, suit=3), (2, 0)), Score: 11.321
2025-07-08 07:03:29,668 - INFO - Depth 19 completed in 0.000244s
2025-07-08 07:03:29,668 - INFO -   Nodes: 4, Terminal: 0, Pruned: 0
2025-07-08 07:03:29,668 - INFO -   Best move: (CardPosition(rank=2, suit=3), (2, 0)), Score: 11.321
2025-07-08 07:03:29,668 - INFO - Depth 20 completed in 0.000249s
2025-07-08 07:03:29,668 - INFO -   Nodes: 4, Terminal: 0, Pruned: 0
2025-07-08 07:03:29,668 - INFO -   Best move: (CardPosition(rank=2, suit=3), (2, 0)), Score: 11.321
2025-07-08 07:03:29,669 - INFO - Depth 21 completed in 0.000245s
2025-07-08 07:03:29,669 - INFO -   Nodes: 4, Terminal: 0, Pruned: 0
2025-07-08 07:03:29,669 - INFO -   Best move: (CardPosition(rank=2, suit=3), (2, 0)), Score: 11.321
2025-07-08 07:03:29,669 - INFO - Depth 22 completed in 0.000244s
2025-07-08 07:03:29,669 - INFO -   Nodes: 4, Terminal: 0, Pruned: 0
2025-07-08 07:03:29,669 - INFO -   Best move: (CardPosition(rank=2, suit=3), (2, 0)), Score: 11.321
2025-07-08 07:03:29,669 - INFO - Depth 23 completed in 0.000246s
2025-07-08 07:03:29,669 - INFO -   Nodes: 4, Terminal: 0, Pruned: 0
2025-07-08 07:03:29,669 - INFO -   Best move: (CardPosition(rank=2, suit=3), (2, 0)), Score: 11.321
2025-07-08 07:03:29,670 - INFO - Depth 24 completed in 0.000245s
2025-07-08 07:03:29,670 - INFO -   Nodes: 4, Terminal: 0, Pruned: 0
2025-07-08 07:03:29,670 - INFO -   Best move: (CardPosition(rank=2, suit=3), (2, 0)), Score: 11.321
2025-07-08 07:03:29,670 - INFO - Depth 25 completed in 0.000247s
2025-07-08 07:03:29,670 - INFO -   Nodes: 4, Terminal: 0, Pruned: 0
2025-07-08 07:03:29,670 - INFO -   Best move: (CardPosition(rank=2, suit=3), (2, 0)), Score: 11.321
2025-07-08 07:03:29,670 - INFO - Iterative deepening completed: depth 25/25
2025-07-08 07:03:29,670 - INFO - === Search Completed ===
2025-07-08 07:03:29,670 - INFO - Positions evaluated: 100
2025-07-08 07:03:29,670 - INFO - Time taken: 0.008717s
2025-07-08 07:03:29,670 - INFO - Positions/second: 11472.29
2025-07-08 07:03:29,670 - INFO - Max depth reached: 1
2025-07-08 07:03:29,670 - INFO - Average depth reached: 1.00
2025-07-08 07:03:29,670 - INFO - Average branching factor: 2.75
2025-07-08 07:03:29,670 - INFO - Cache hits: 96
2025-07-08 07:03:29,670 - INFO - Cache misses: 4
2025-07-08 07:03:29,670 - INFO - Cache hit rate: 96.0%
2025-07-08 07:03:29,670 - INFO - Transposition table size: 4
2025-07-08 07:03:29,670 - INFO - === Search Started ===
2025-07-08 07:03:29,670 - INFO - Position: 2 legal moves available
2025-07-08 07:03:29,670 - INFO - Max search depth: 25
2025-07-08 07:03:29,671 - INFO - Depth 1 completed in 0.000257s
2025-07-08 07:03:29,671 - INFO -   Nodes: 2, Terminal: 2, Pruned: 0
2025-07-08 07:03:29,671 - INFO -   Best move: (CardPosition(rank=11, suit=1), (3, 4)), Score: 11.132
2025-07-08 07:03:29,671 - INFO - Depth 2 completed in 0.000128s
2025-07-08 07:03:29,671 - INFO -   Nodes: 2, Terminal: 0, Pruned: 0
2025-07-08 07:03:29,671 - INFO -   Best move: (CardPosition(rank=11, suit=1), (3, 4)), Score: 11.132
2025-07-08 07:03:29,671 - INFO - Depth 3 completed in 0.000126s
2025-07-08 07:03:29,671 - INFO -   Nodes: 2, Terminal: 0, Pruned: 0
2025-07-08 07:03:29,671 - INFO -   Best move: (CardPosition(rank=11, suit=1), (3, 4)), Score: 11.132
2025-07-08 07:03:29,671 - INFO - Depth 4 completed in 0.000126s
2025-07-08 07:03:29,671 - INFO -   Nodes: 2, Terminal: 0, Pruned: 0
2025-07-08 07:03:29,671 - INFO -   Best move: (CardPosition(rank=11, suit=1), (3, 4)), Score: 11.132
2025-07-08 07:03:29,672 - INFO - Depth 5 completed in 0.000125s
2025-07-08 07:03:29,672 - INFO -   Nodes: 2, Terminal: 0, Pruned: 0
2025-07-08 07:03:29,672 - INFO -   Best move: (CardPosition(rank=11, suit=1), (3, 4)), Score: 11.132
2025-07-08 07:03:29,672 - INFO - Depth 6 completed in 0.000124s
2025-07-08 07:03:29,672 - INFO -   Nodes: 2, Terminal: 0, Pruned: 0
2025-07-08 07:03:29,672 - INFO -   Best move: (CardPosition(rank=11, suit=1), (3, 4)), Score: 11.132
2025-07-08 07:03:29,672 - INFO - Depth 7 completed in 0.000124s
2025-07-08 07:03:29,672 - INFO -   Nodes: 2, Terminal: 0, Pruned: 0
2025-07-08 07:03:29,672 - INFO -   Best move: (CardPosition(rank=11, suit=1), (3, 4)), Score: 11.132
2025-07-08 07:03:29,672 - INFO - Depth 8 completed in 0.000125s
2025-07-08 07:03:29,672 - INFO -   Nodes: 2, Terminal: 0, Pruned: 0
2025-07-08 07:03:29,672 - INFO -   Best move: (CardPosition(rank=11, suit=1), (3, 4)), Score: 11.132
2025-07-08 07:03:29,672 - INFO - Depth 9 completed in 0.000124s
2025-07-08 07:03:29,672 - INFO -   Nodes: 2, Terminal: 0, Pruned: 0
2025-07-08 07:03:29,672 - INFO -   Best move: (CardPosition(rank=11, suit=1), (3, 4)), Score: 11.132
2025-07-08 07:03:29,673 - INFO - Depth 10 completed in 0.000130s
2025-07-08 07:03:29,673 - INFO -   Nodes: 2, Terminal: 0, Pruned: 0
2025-07-08 07:03:29,673 - INFO -   Best move: (CardPosition(rank=11, suit=1), (3, 4)), Score: 11.132
2025-07-08 07:03:29,673 - INFO - Depth 11 completed in 0.000128s
2025-07-08 07:03:29,673 - INFO -   Nodes: 2, Terminal: 0, Pruned: 0
2025-07-08 07:03:29,673 - INFO -   Best move: (CardPosition(rank=11, suit=1), (3, 4)), Score: 11.132
2025-07-08 07:03:29,673 - INFO - Depth 12 completed in 0.000124s
2025-07-08 07:03:29,673 - INFO -   Nodes: 2, Terminal: 0, Pruned: 0
2025-07-08 07:03:29,673 - INFO -   Best move: (CardPosition(rank=11, suit=1), (3, 4)), Score: 11.132
2025-07-08 07:03:29,673 - INFO - Depth 13 completed in 0.000124s
2025-07-08 07:03:29,673 - INFO -   Nodes: 2, Terminal: 0, Pruned: 0
2025-07-08 07:03:29,673 - INFO -   Best move: (CardPosition(rank=11, suit=1), (3, 4)), Score: 11.132
2025-07-08 07:03:29,674 - INFO - Depth 14 completed in 0.000124s
2025-07-08 07:03:29,674 - INFO -   Nodes: 2, Terminal: 0, Pruned: 0
2025-07-08 07:03:29,674 - INFO -   Best move: (CardPosition(rank=11, suit=1), (3, 4)), Score: 11.132
2025-07-08 07:03:29,674 - INFO - Depth 15 completed in 0.000129s
2025-07-08 07:03:29,674 - INFO -   Nodes: 2, Terminal: 0, Pruned: 0
2025-07-08 07:03:29,674 - INFO -   Best move: (CardPosition(rank=11, suit=1), (3, 4)), Score: 11.132
2025-07-08 07:03:29,674 - INFO - Depth 16 completed in 0.000125s
2025-07-08 07:03:29,674 - INFO -   Nodes: 2, Terminal: 0, Pruned: 0
2025-07-08 07:03:29,674 - INFO -   Best move: (CardPosition(rank=11, suit=1), (3, 4)), Score: 11.132
2025-07-08 07:03:29,674 - INFO - Depth 17 completed in 0.000125s
2025-07-08 07:03:29,674 - INFO -   Nodes: 2, Terminal: 0, Pruned: 0
2025-07-08 07:03:29,674 - INFO -   Best move: (CardPosition(rank=11, suit=1), (3, 4)), Score: 11.132
2025-07-08 07:03:29,674 - INFO - Depth 18 completed in 0.000132s
2025-07-08 07:03:29,674 - INFO -   Nodes: 2, Terminal: 0, Pruned: 0
2025-07-08 07:03:29,674 - INFO -   Best move: (CardPosition(rank=11, suit=1), (3, 4)), Score: 11.132
2025-07-08 07:03:29,675 - INFO - Depth 19 completed in 0.000140s
2025-07-08 07:03:29,675 - INFO -   Nodes: 2, Terminal: 0, Pruned: 0
2025-07-08 07:03:29,675 - INFO -   Best move: (CardPosition(rank=11, suit=1), (3, 4)), Score: 11.132
2025-07-08 07:03:29,675 - INFO - Depth 20 completed in 0.000124s
2025-07-08 07:03:29,675 - INFO -   Nodes: 2, Terminal: 0, Pruned: 0
2025-07-08 07:03:29,675 - INFO -   Best move: (CardPosition(rank=11, suit=1), (3, 4)), Score: 11.132
2025-07-08 07:03:29,675 - INFO - Depth 21 completed in 0.000124s
2025-07-08 07:03:29,675 - INFO -   Nodes: 2, Terminal: 0, Pruned: 0
2025-07-08 07:03:29,675 - INFO -   Best move: (CardPosition(rank=11, suit=1), (3, 4)), Score: 11.132
2025-07-08 07:03:29,675 - INFO - Depth 22 completed in 0.000127s
2025-07-08 07:03:29,675 - INFO -   Nodes: 2, Terminal: 0, Pruned: 0
2025-07-08 07:03:29,675 - INFO -   Best move: (CardPosition(rank=11, suit=1), (3, 4)), Score: 11.132
2025-07-08 07:03:29,675 - INFO - Depth 23 completed in 0.000127s
2025-07-08 07:03:29,675 - INFO -   Nodes: 2, Terminal: 0, Pruned: 0
2025-07-08 07:03:29,676 - INFO -   Best move: (CardPosition(rank=11, suit=1), (3, 4)), Score: 11.132
2025-07-08 07:03:29,676 - INFO - Depth 24 completed in 0.000124s
2025-07-08 07:03:29,676 - INFO -   Nodes: 2, Terminal: 0, Pruned: 0
2025-07-08 07:03:29,676 - INFO -   Best move: (CardPosition(rank=11, suit=1), (3, 4)), Score: 11.132
2025-07-08 07:03:29,676 - INFO - Depth 25 completed in 0.000125s
2025-07-08 07:03:29,676 - INFO -   Nodes: 2, Terminal: 0, Pruned: 0
2025-07-08 07:03:29,676 - INFO -   Best move: (CardPosition(rank=11, suit=1), (3, 4)), Score: 11.132
2025-07-08 07:03:29,676 - INFO - Iterative deepening completed: depth 25/25
2025-07-08 07:03:29,676 - INFO - === Search Completed ===
2025-07-08 07:03:29,676 - INFO - Positions evaluated: 50
2025-07-08 07:03:29,676 - INFO - Time taken: 0.005596s
2025-07-08 07:03:29,676 - INFO - Positions/second: 8935.20
2025-07-08 07:03:29,676 - INFO - Max depth reached: 1
2025-07-08 07:03:29,676 - INFO - Average depth reached: 1.00
2025-07-08 07:03:29,676 - INFO - Average branching factor: 1.00
2025-07-08 07:03:29,676 - INFO - Cache hits: 48
2025-07-08 07:03:29,676 - INFO - Cache misses: 2
2025-07-08 07:03:29,676 - INFO - Cache hit rate: 96.0%
2025-07-08 07:03:29,676 - INFO - Transposition table size: 2
2025-07-08 07:03:29,676 - INFO - === Search Started ===
2025-07-08 07:03:29,676 - INFO - Position: 1 legal moves available
2025-07-08 07:03:29,676 - INFO - Max search depth: 25
2025-07-08 07:03:29,677 - INFO - Depth 1 completed in 0.000133s
2025-07-08 07:03:29,677 - INFO -   Nodes: 1, Terminal: 1, Pruned: 0
2025-07-08 07:03:29,677 - INFO -   Best move: (CardPosition(rank=10, suit=1), (2, 6)), Score: 10.943
2025-07-08 07:03:29,677 - INFO - Depth 2 completed in 0.000068s
2025-07-08 07:03:29,677 - INFO -   Nodes: 1, Terminal: 0, Pruned: 0
2025-07-08 07:03:29,677 - INFO -   Best move: (CardPosition(rank=10, suit=1), (2, 6)), Score: 10.943
2025-07-08 07:03:29,677 - INFO - Depth 3 completed in 0.000067s
2025-07-08 07:03:29,677 - INFO -   Nodes: 1, Terminal: 0, Pruned: 0
2025-07-08 07:03:29,677 - INFO -   Best move: (CardPosition(rank=10, suit=1), (2, 6)), Score: 10.943
2025-07-08 07:03:29,677 - INFO - Depth 4 completed in 0.000067s
2025-07-08 07:03:29,677 - INFO -   Nodes: 1, Terminal: 0, Pruned: 0
2025-07-08 07:03:29,677 - INFO -   Best move: (CardPosition(rank=10, suit=1), (2, 6)), Score: 10.943
2025-07-08 07:03:29,677 - INFO - Depth 5 completed in 0.000066s
2025-07-08 07:03:29,677 - INFO -   Nodes: 1, Terminal: 0, Pruned: 0
2025-07-08 07:03:29,677 - INFO -   Best move: (CardPosition(rank=10, suit=1), (2, 6)), Score: 10.943
2025-07-08 07:03:29,677 - INFO - Depth 6 completed in 0.000066s
2025-07-08 07:03:29,677 - INFO -   Nodes: 1, Terminal: 0, Pruned: 0
2025-07-08 07:03:29,677 - INFO -   Best move: (CardPosition(rank=10, suit=1), (2, 6)), Score: 10.943
2025-07-08 07:03:29,677 - INFO - Depth 7 completed in 0.000066s
2025-07-08 07:03:29,677 - INFO -   Nodes: 1, Terminal: 0, Pruned: 0
2025-07-08 07:03:29,678 - INFO -   Best move: (CardPosition(rank=10, suit=1), (2, 6)), Score: 10.943
2025-07-08 07:03:29,678 - INFO - Depth 8 completed in 0.000066s
2025-07-08 07:03:29,678 - INFO -   Nodes: 1, Terminal: 0, Pruned: 0
2025-07-08 07:03:29,678 - INFO -   Best move: (CardPosition(rank=10, suit=1), (2, 6)), Score: 10.943
2025-07-08 07:03:29,678 - INFO - Depth 9 completed in 0.000066s
2025-07-08 07:03:29,678 - INFO -   Nodes: 1, Terminal: 0, Pruned: 0
2025-07-08 07:03:29,678 - INFO -   Best move: (CardPosition(rank=10, suit=1), (2, 6)), Score: 10.943
2025-07-08 07:03:29,678 - INFO - Depth 10 completed in 0.000066s
2025-07-08 07:03:29,678 - INFO -   Nodes: 1, Terminal: 0, Pruned: 0
2025-07-08 07:03:29,678 - INFO -   Best move: (CardPosition(rank=10, suit=1), (2, 6)), Score: 10.943
2025-07-08 07:03:29,678 - INFO - Depth 11 completed in 0.000070s
2025-07-08 07:03:29,678 - INFO -   Nodes: 1, Terminal: 0, Pruned: 0
2025-07-08 07:03:29,678 - INFO -   Best move: (CardPosition(rank=10, suit=1), (2, 6)), Score: 10.943
2025-07-08 07:03:29,678 - INFO - Depth 12 completed in 0.000066s
2025-07-08 07:03:29,678 - INFO -   Nodes: 1, Terminal: 0, Pruned: 0
2025-07-08 07:03:29,678 - INFO -   Best move: (CardPosition(rank=10, suit=1), (2, 6)), Score: 10.943
2025-07-08 07:03:29,678 - INFO - Depth 13 completed in 0.000066s
2025-07-08 07:03:29,678 - INFO -   Nodes: 1, Terminal: 0, Pruned: 0
2025-07-08 07:03:29,678 - INFO -   Best move: (CardPosition(rank=10, suit=1), (2, 6)), Score: 10.943
2025-07-08 07:03:29,679 - INFO - Depth 14 completed in 0.000066s
2025-07-08 07:03:29,679 - INFO -   Nodes: 1, Terminal: 0, Pruned: 0
2025-07-08 07:03:29,679 - INFO -   Best move: (CardPosition(rank=10, suit=1), (2, 6)), Score: 10.943
2025-07-08 07:03:29,679 - INFO - Depth 15 completed in 0.000065s
2025-07-08 07:03:29,679 - INFO -   Nodes: 1, Terminal: 0, Pruned: 0
2025-07-08 07:03:29,679 - INFO -   Best move: (CardPosition(rank=10, suit=1), (2, 6)), Score: 10.943
2025-07-08 07:03:29,679 - INFO - Depth 16 completed in 0.000065s
2025-07-08 07:03:29,679 - INFO -   Nodes: 1, Terminal: 0, Pruned: 0
2025-07-08 07:03:29,679 - INFO -   Best move: (CardPosition(rank=10, suit=1), (2, 6)), Score: 10.943
2025-07-08 07:03:29,679 - INFO - Depth 17 completed in 0.000065s
2025-07-08 07:03:29,679 - INFO -   Nodes: 1, Terminal: 0, Pruned: 0
2025-07-08 07:03:29,679 - INFO -   Best move: (CardPosition(rank=10, suit=1), (2, 6)), Score: 10.943
2025-07-08 07:03:29,679 - INFO - Depth 18 completed in 0.000066s
2025-07-08 07:03:29,679 - INFO -   Nodes: 1, Terminal: 0, Pruned: 0
2025-07-08 07:03:29,679 - INFO -   Best move: (CardPosition(rank=10, suit=1), (2, 6)), Score: 10.943
2025-07-08 07:03:29,679 - INFO - Depth 19 completed in 0.000065s
2025-07-08 07:03:29,679 - INFO -   Nodes: 1, Terminal: 0, Pruned: 0
2025-07-08 07:03:29,679 - INFO -   Best move: (CardPosition(rank=10, suit=1), (2, 6)), Score: 10.943
2025-07-08 07:03:29,679 - INFO - Depth 20 completed in 0.000066s
2025-07-08 07:03:29,679 - INFO -   Nodes: 1, Terminal: 0, Pruned: 0
2025-07-08 07:03:29,680 - INFO -   Best move: (CardPosition(rank=10, suit=1), (2, 6)), Score: 10.943
2025-07-08 07:03:29,680 - INFO - Depth 21 completed in 0.000065s
2025-07-08 07:03:29,680 - INFO -   Nodes: 1, Terminal: 0, Pruned: 0
2025-07-08 07:03:29,680 - INFO -   Best move: (CardPosition(rank=10, suit=1), (2, 6)), Score: 10.943
2025-07-08 07:03:29,680 - INFO - Depth 22 completed in 0.000065s
2025-07-08 07:03:29,680 - INFO -   Nodes: 1, Terminal: 0, Pruned: 0
2025-07-08 07:03:29,680 - INFO -   Best move: (CardPosition(rank=10, suit=1), (2, 6)), Score: 10.943
2025-07-08 07:03:29,680 - INFO - Depth 23 completed in 0.000065s
2025-07-08 07:03:29,680 - INFO -   Nodes: 1, Terminal: 0, Pruned: 0
2025-07-08 07:03:29,680 - INFO -   Best move: (CardPosition(rank=10, suit=1), (2, 6)), Score: 10.943
2025-07-08 07:03:29,680 - INFO - Depth 24 completed in 0.000065s
2025-07-08 07:03:29,680 - INFO -   Nodes: 1, Terminal: 0, Pruned: 0
2025-07-08 07:03:29,680 - INFO -   Best move: (CardPosition(rank=10, suit=1), (2, 6)), Score: 10.943
2025-07-08 07:03:29,680 - INFO - Depth 25 completed in 0.000066s
2025-07-08 07:03:29,680 - INFO -   Nodes: 1, Terminal: 0, Pruned: 0
2025-07-08 07:03:29,680 - INFO -   Best move: (CardPosition(rank=10, suit=1), (2, 6)), Score: 10.943
2025-07-08 07:03:29,680 - INFO - Iterative deepening completed: depth 25/25
2025-07-08 07:03:29,680 - INFO - === Search Completed ===
2025-07-08 07:03:29,680 - INFO - Positions evaluated: 25
2025-07-08 07:03:29,680 - INFO - Time taken: 0.003953s
2025-07-08 07:03:29,680 - INFO - Positions/second: 6324.27
2025-07-08 07:03:29,680 - INFO - Max depth reached: 1
2025-07-08 07:03:29,680 - INFO - Average depth reached: 1.00
2025-07-08 07:03:29,680 - INFO - Average branching factor: 1.00
2025-07-08 07:03:29,680 - INFO - Cache hits: 24
2025-07-08 07:03:29,681 - INFO - Cache misses: 1
2025-07-08 07:03:29,681 - INFO - Cache hit rate: 96.0%
2025-07-08 07:03:29,681 - INFO - Transposition table size: 1
2025-07-08 07:03:29,681 - INFO - === Search Started ===
2025-07-08 07:03:29,681 - INFO - Position: 1 legal moves available
2025-07-08 07:03:29,681 - INFO - Max search depth: 25
2025-07-08 07:03:29,681 - INFO - Depth 1 completed in 0.000132s
2025-07-08 07:03:29,681 - INFO -   Nodes: 1, Terminal: 1, Pruned: 0
2025-07-08 07:03:29,681 - INFO -   Best move: (CardPosition(rank=11, suit=1), (2, 7)), Score: 10.943
2025-07-08 07:03:29,681 - INFO - Depth 2 completed in 0.000068s
2025-07-08 07:03:29,681 - INFO -   Nodes: 1, Terminal: 0, Pruned: 0
2025-07-08 07:03:29,681 - INFO -   Best move: (CardPosition(rank=11, suit=1), (2, 7)), Score: 10.943
2025-07-08 07:03:29,681 - INFO - Depth 3 completed in 0.000066s
2025-07-08 07:03:29,681 - INFO -   Nodes: 1, Terminal: 0, Pruned: 0
2025-07-08 07:03:29,681 - INFO -   Best move: (CardPosition(rank=11, suit=1), (2, 7)), Score: 10.943
2025-07-08 07:03:29,681 - INFO - Depth 4 completed in 0.000069s
2025-07-08 07:03:29,681 - INFO -   Nodes: 1, Terminal: 0, Pruned: 0
2025-07-08 07:03:29,681 - INFO -   Best move: (CardPosition(rank=11, suit=1), (2, 7)), Score: 10.943
2025-07-08 07:03:29,681 - INFO - Depth 5 completed in 0.000066s
2025-07-08 07:03:29,682 - INFO -   Nodes: 1, Terminal: 0, Pruned: 0
2025-07-08 07:03:29,682 - INFO -   Best move: (CardPosition(rank=11, suit=1), (2, 7)), Score: 10.943
2025-07-08 07:03:29,682 - INFO - Depth 6 completed in 0.000066s
2025-07-08 07:03:29,682 - INFO -   Nodes: 1, Terminal: 0, Pruned: 0
2025-07-08 07:03:29,682 - INFO -   Best move: (CardPosition(rank=11, suit=1), (2, 7)), Score: 10.943
2025-07-08 07:03:29,682 - INFO - Depth 7 completed in 0.000070s
2025-07-08 07:03:29,682 - INFO -   Nodes: 1, Terminal: 0, Pruned: 0
2025-07-08 07:03:29,682 - INFO -   Best move: (CardPosition(rank=11, suit=1), (2, 7)), Score: 10.943
2025-07-08 07:03:29,682 - INFO - Depth 8 completed in 0.000065s
2025-07-08 07:03:29,682 - INFO -   Nodes: 1, Terminal: 0, Pruned: 0
2025-07-08 07:03:29,682 - INFO -   Best move: (CardPosition(rank=11, suit=1), (2, 7)), Score: 10.943
2025-07-08 07:03:29,682 - INFO - Depth 9 completed in 0.000065s
2025-07-08 07:03:29,682 - INFO -   Nodes: 1, Terminal: 0, Pruned: 0
2025-07-08 07:03:29,682 - INFO -   Best move: (CardPosition(rank=11, suit=1), (2, 7)), Score: 10.943
2025-07-08 07:03:29,682 - INFO - Depth 10 completed in 0.000065s
2025-07-08 07:03:29,682 - INFO -   Nodes: 1, Terminal: 0, Pruned: 0
2025-07-08 07:03:29,682 - INFO -   Best move: (CardPosition(rank=11, suit=1), (2, 7)), Score: 10.943
2025-07-08 07:03:29,682 - INFO - Depth 11 completed in 0.000065s
2025-07-08 07:03:29,682 - INFO -   Nodes: 1, Terminal: 0, Pruned: 0
2025-07-08 07:03:29,682 - INFO -   Best move: (CardPosition(rank=11, suit=1), (2, 7)), Score: 10.943
2025-07-08 07:03:29,683 - INFO - Depth 12 completed in 0.000069s
2025-07-08 07:03:29,683 - INFO -   Nodes: 1, Terminal: 0, Pruned: 0
2025-07-08 07:03:29,683 - INFO -   Best move: (CardPosition(rank=11, suit=1), (2, 7)), Score: 10.943
2025-07-08 07:03:29,683 - INFO - Depth 13 completed in 0.000069s
2025-07-08 07:03:29,683 - INFO -   Nodes: 1, Terminal: 0, Pruned: 0
2025-07-08 07:03:29,683 - INFO -   Best move: (CardPosition(rank=11, suit=1), (2, 7)), Score: 10.943
2025-07-08 07:03:29,683 - INFO - Depth 14 completed in 0.000065s
2025-07-08 07:03:29,683 - INFO -   Nodes: 1, Terminal: 0, Pruned: 0
2025-07-08 07:03:29,683 - INFO -   Best move: (CardPosition(rank=11, suit=1), (2, 7)), Score: 10.943
2025-07-08 07:03:29,683 - INFO - Depth 15 completed in 0.000066s
2025-07-08 07:03:29,683 - INFO -   Nodes: 1, Terminal: 0, Pruned: 0
2025-07-08 07:03:29,683 - INFO -   Best move: (CardPosition(rank=11, suit=1), (2, 7)), Score: 10.943
2025-07-08 07:03:29,683 - INFO - Depth 16 completed in 0.000065s
2025-07-08 07:03:29,683 - INFO -   Nodes: 1, Terminal: 0, Pruned: 0
2025-07-08 07:03:29,683 - INFO -   Best move: (CardPosition(rank=11, suit=1), (2, 7)), Score: 10.943
2025-07-08 07:03:29,683 - INFO - Depth 17 completed in 0.000066s
2025-07-08 07:03:29,683 - INFO -   Nodes: 1, Terminal: 0, Pruned: 0
2025-07-08 07:03:29,683 - INFO -   Best move: (CardPosition(rank=11, suit=1), (2, 7)), Score: 10.943
2025-07-08 07:03:29,683 - INFO - Depth 18 completed in 0.000066s
2025-07-08 07:03:29,684 - INFO -   Nodes: 1, Terminal: 0, Pruned: 0
2025-07-08 07:03:29,684 - INFO -   Best move: (CardPosition(rank=11, suit=1), (2, 7)), Score: 10.943
2025-07-08 07:03:29,684 - INFO - Depth 19 completed in 0.000065s
2025-07-08 07:03:29,684 - INFO -   Nodes: 1, Terminal: 0, Pruned: 0
2025-07-08 07:03:29,684 - INFO -   Best move: (CardPosition(rank=11, suit=1), (2, 7)), Score: 10.943
2025-07-08 07:03:29,684 - INFO - Depth 20 completed in 0.000065s
2025-07-08 07:03:29,684 - INFO -   Nodes: 1, Terminal: 0, Pruned: 0
2025-07-08 07:03:29,684 - INFO -   Best move: (CardPosition(rank=11, suit=1), (2, 7)), Score: 10.943
2025-07-08 07:03:29,684 - INFO - Depth 21 completed in 0.000069s
2025-07-08 07:03:29,684 - INFO -   Nodes: 1, Terminal: 0, Pruned: 0
2025-07-08 07:03:29,684 - INFO -   Best move: (CardPosition(rank=11, suit=1), (2, 7)), Score: 10.943
2025-07-08 07:03:29,684 - INFO - Depth 22 completed in 0.000065s
2025-07-08 07:03:29,684 - INFO -   Nodes: 1, Terminal: 0, Pruned: 0
2025-07-08 07:03:29,684 - INFO -   Best move: (CardPosition(rank=11, suit=1), (2, 7)), Score: 10.943
2025-07-08 07:03:29,684 - INFO - Depth 23 completed in 0.000065s
2025-07-08 07:03:29,684 - INFO -   Nodes: 1, Terminal: 0, Pruned: 0
2025-07-08 07:03:29,684 - INFO -   Best move: (CardPosition(rank=11, suit=1), (2, 7)), Score: 10.943
2025-07-08 07:03:29,684 - INFO - Depth 24 completed in 0.000075s
2025-07-08 07:03:29,684 - INFO -   Nodes: 1, Terminal: 0, Pruned: 0
2025-07-08 07:03:29,684 - INFO -   Best move: (CardPosition(rank=11, suit=1), (2, 7)), Score: 10.943
2025-07-08 07:03:29,685 - INFO - Depth 25 completed in 0.000065s
2025-07-08 07:03:29,685 - INFO -   Nodes: 1, Terminal: 0, Pruned: 0
2025-07-08 07:03:29,685 - INFO -   Best move: (CardPosition(rank=11, suit=1), (2, 7)), Score: 10.943
2025-07-08 07:03:29,685 - INFO - Iterative deepening completed: depth 25/25
2025-07-08 07:03:29,685 - INFO - === Search Completed ===
2025-07-08 07:03:29,685 - INFO - Positions evaluated: 25
2025-07-08 07:03:29,685 - INFO - Time taken: 0.003979s
2025-07-08 07:03:29,685 - INFO - Positions/second: 6283.42
2025-07-08 07:03:29,685 - INFO - Max depth reached: 1
2025-07-08 07:03:29,685 - INFO - Average depth reached: 1.00
2025-07-08 07:03:29,685 - INFO - Average branching factor: 1.00
2025-07-08 07:03:29,685 - INFO - Cache hits: 24
2025-07-08 07:03:29,685 - INFO - Cache misses: 1
2025-07-08 07:03:29,685 - INFO - Cache hit rate: 96.0%
2025-07-08 07:03:29,685 - INFO - Transposition table size: 1
2025-07-08 07:03:29,685 - INFO - === Search Started ===
2025-07-08 07:03:29,685 - INFO - Position: 1 legal moves available
2025-07-08 07:03:29,685 - INFO - Max search depth: 25
2025-07-08 07:03:29,685 - INFO - Depth 1 completed in 0.000148s
2025-07-08 07:03:29,685 - INFO -   Nodes: 1, Terminal: 1, Pruned: 0
2025-07-08 07:03:29,685 - INFO -   Best move: (CardPosition(rank=12, suit=1), (2, 8)), Score: 10.943
2025-07-08 07:03:29,685 - INFO - Depth 2 completed in 0.000067s
2025-07-08 07:03:29,685 - INFO -   Nodes: 1, Terminal: 0, Pruned: 0
2025-07-08 07:03:29,685 - INFO -   Best move: (CardPosition(rank=12, suit=1), (2, 8)), Score: 10.943
2025-07-08 07:03:29,686 - INFO - Depth 3 completed in 0.000069s
2025-07-08 07:03:29,686 - INFO -   Nodes: 1, Terminal: 0, Pruned: 0
2025-07-08 07:03:29,686 - INFO -   Best move: (CardPosition(rank=12, suit=1), (2, 8)), Score: 10.943
2025-07-08 07:03:29,686 - INFO - Depth 4 completed in 0.000065s
2025-07-08 07:03:29,686 - INFO -   Nodes: 1, Terminal: 0, Pruned: 0
2025-07-08 07:03:29,686 - INFO -   Best move: (CardPosition(rank=12, suit=1), (2, 8)), Score: 10.943
2025-07-08 07:03:29,686 - INFO - Depth 5 completed in 0.000064s
2025-07-08 07:03:29,686 - INFO -   Nodes: 1, Terminal: 0, Pruned: 0
2025-07-08 07:03:29,686 - INFO -   Best move: (CardPosition(rank=12, suit=1), (2, 8)), Score: 10.943
2025-07-08 07:03:29,686 - INFO - Depth 6 completed in 0.000065s
2025-07-08 07:03:29,686 - INFO -   Nodes: 1, Terminal: 0, Pruned: 0
2025-07-08 07:03:29,686 - INFO -   Best move: (CardPosition(rank=12, suit=1), (2, 8)), Score: 10.943
2025-07-08 07:03:29,686 - INFO - Depth 7 completed in 0.000065s
2025-07-08 07:03:29,686 - INFO -   Nodes: 1, Terminal: 0, Pruned: 0
2025-07-08 07:03:29,686 - INFO -   Best move: (CardPosition(rank=12, suit=1), (2, 8)), Score: 10.943
2025-07-08 07:03:29,686 - INFO - Depth 8 completed in 0.000064s
2025-07-08 07:03:29,686 - INFO -   Nodes: 1, Terminal: 0, Pruned: 0
2025-07-08 07:03:29,686 - INFO -   Best move: (CardPosition(rank=12, suit=1), (2, 8)), Score: 10.943
2025-07-08 07:03:29,686 - INFO - Depth 9 completed in 0.000067s
2025-07-08 07:03:29,686 - INFO -   Nodes: 1, Terminal: 0, Pruned: 0
2025-07-08 07:03:29,687 - INFO -   Best move: (CardPosition(rank=12, suit=1), (2, 8)), Score: 10.943
2025-07-08 07:03:29,687 - INFO - Depth 10 completed in 0.000064s
2025-07-08 07:03:29,687 - INFO -   Nodes: 1, Terminal: 0, Pruned: 0
2025-07-08 07:03:29,687 - INFO -   Best move: (CardPosition(rank=12, suit=1), (2, 8)), Score: 10.943
2025-07-08 07:03:29,687 - INFO - Depth 11 completed in 0.000064s
2025-07-08 07:03:29,687 - INFO -   Nodes: 1, Terminal: 0, Pruned: 0
2025-07-08 07:03:29,687 - INFO -   Best move: (CardPosition(rank=12, suit=1), (2, 8)), Score: 10.943
2025-07-08 07:03:29,687 - INFO - Depth 12 completed in 0.000064s
2025-07-08 07:03:29,687 - INFO -   Nodes: 1, Terminal: 0, Pruned: 0
2025-07-08 07:03:29,687 - INFO -   Best move: (CardPosition(rank=12, suit=1), (2, 8)), Score: 10.943
2025-07-08 07:03:29,687 - INFO - Depth 13 completed in 0.000064s
2025-07-08 07:03:29,687 - INFO -   Nodes: 1, Terminal: 0, Pruned: 0
2025-07-08 07:03:29,687 - INFO -   Best move: (CardPosition(rank=12, suit=1), (2, 8)), Score: 10.943
2025-07-08 07:03:29,687 - INFO - Depth 14 completed in 0.000064s
2025-07-08 07:03:29,687 - INFO -   Nodes: 1, Terminal: 0, Pruned: 0
2025-07-08 07:03:29,687 - INFO -   Best move: (CardPosition(rank=12, suit=1), (2, 8)), Score: 10.943
2025-07-08 07:03:29,687 - INFO - Depth 15 completed in 0.000063s
2025-07-08 07:03:29,687 - INFO -   Nodes: 1, Terminal: 0, Pruned: 0
2025-07-08 07:03:29,687 - INFO -   Best move: (CardPosition(rank=12, suit=1), (2, 8)), Score: 10.943
2025-07-08 07:03:29,688 - INFO - Depth 16 completed in 0.000070s
2025-07-08 07:03:29,688 - INFO -   Nodes: 1, Terminal: 0, Pruned: 0
2025-07-08 07:03:29,688 - INFO -   Best move: (CardPosition(rank=12, suit=1), (2, 8)), Score: 10.943
2025-07-08 07:03:29,688 - INFO - Depth 17 completed in 0.000064s
2025-07-08 07:03:29,688 - INFO -   Nodes: 1, Terminal: 0, Pruned: 0
2025-07-08 07:03:29,688 - INFO -   Best move: (CardPosition(rank=12, suit=1), (2, 8)), Score: 10.943
2025-07-08 07:03:29,688 - INFO - Depth 18 completed in 0.000065s
2025-07-08 07:03:29,688 - INFO -   Nodes: 1, Terminal: 0, Pruned: 0
2025-07-08 07:03:29,688 - INFO -   Best move: (CardPosition(rank=12, suit=1), (2, 8)), Score: 10.943
2025-07-08 07:03:29,688 - INFO - Depth 19 completed in 0.000064s
2025-07-08 07:03:29,688 - INFO -   Nodes: 1, Terminal: 0, Pruned: 0
2025-07-08 07:03:29,688 - INFO -   Best move: (CardPosition(rank=12, suit=1), (2, 8)), Score: 10.943
2025-07-08 07:03:29,688 - INFO - Depth 20 completed in 0.000064s
2025-07-08 07:03:29,688 - INFO -   Nodes: 1, Terminal: 0, Pruned: 0
2025-07-08 07:03:29,688 - INFO -   Best move: (CardPosition(rank=12, suit=1), (2, 8)), Score: 10.943
2025-07-08 07:03:29,688 - INFO - Depth 21 completed in 0.000064s
2025-07-08 07:03:29,688 - INFO -   Nodes: 1, Terminal: 0, Pruned: 0
2025-07-08 07:03:29,688 - INFO -   Best move: (CardPosition(rank=12, suit=1), (2, 8)), Score: 10.943
2025-07-08 07:03:29,688 - INFO - Depth 22 completed in 0.000064s
2025-07-08 07:03:29,688 - INFO -   Nodes: 1, Terminal: 0, Pruned: 0
2025-07-08 07:03:29,688 - INFO -   Best move: (CardPosition(rank=12, suit=1), (2, 8)), Score: 10.943
2025-07-08 07:03:29,689 - INFO - Depth 23 completed in 0.000064s
2025-07-08 07:03:29,689 - INFO -   Nodes: 1, Terminal: 0, Pruned: 0
2025-07-08 07:03:29,689 - INFO -   Best move: (CardPosition(rank=12, suit=1), (2, 8)), Score: 10.943
2025-07-08 07:03:29,689 - INFO - Depth 24 completed in 0.000065s
2025-07-08 07:03:29,689 - INFO -   Nodes: 1, Terminal: 0, Pruned: 0
2025-07-08 07:03:29,689 - INFO -   Best move: (CardPosition(rank=12, suit=1), (2, 8)), Score: 10.943
2025-07-08 07:03:29,689 - INFO - Depth 25 completed in 0.000064s
2025-07-08 07:03:29,689 - INFO -   Nodes: 1, Terminal: 0, Pruned: 0
2025-07-08 07:03:29,689 - INFO -   Best move: (CardPosition(rank=12, suit=1), (2, 8)), Score: 10.943
2025-07-08 07:03:29,689 - INFO - Iterative deepening completed: depth 25/25
2025-07-08 07:03:29,689 - INFO - === Search Completed ===
2025-07-08 07:03:29,689 - INFO - Positions evaluated: 25
2025-07-08 07:03:29,689 - INFO - Time taken: 0.003955s
2025-07-08 07:03:29,689 - INFO - Positions/second: 6321.28
2025-07-08 07:03:29,689 - INFO - Max depth reached: 1
2025-07-08 07:03:29,689 - INFO - Average depth reached: 1.00
2025-07-08 07:03:29,689 - INFO - Average branching factor: 1.00
2025-07-08 07:03:29,689 - INFO - Cache hits: 24
2025-07-08 07:03:29,689 - INFO - Cache misses: 1
2025-07-08 07:03:29,689 - INFO - Cache hit rate: 96.0%
2025-07-08 07:03:29,689 - INFO - Transposition table size: 1
2025-07-08 07:03:29,689 - INFO - === Search Started ===
2025-07-08 07:03:29,689 - INFO - Position: 1 legal moves available
2025-07-08 07:03:29,689 - INFO - Max search depth: 25
2025-07-08 07:03:29,690 - INFO - Depth 1 completed in 0.000132s
2025-07-08 07:03:29,690 - INFO -   Nodes: 1, Terminal: 1, Pruned: 0
2025-07-08 07:03:29,690 - INFO -   Best move: (CardPosition(rank=4, suit=3), (2, 10)), Score: 10.943
2025-07-08 07:03:29,690 - INFO - Depth 2 completed in 0.000059s
2025-07-08 07:03:29,690 - INFO -   Nodes: 1, Terminal: 0, Pruned: 0
2025-07-08 07:03:29,690 - INFO -   Best move: (CardPosition(rank=4, suit=3), (2, 10)), Score: 10.943
2025-07-08 07:03:29,690 - INFO - Depth 3 completed in 0.000057s
2025-07-08 07:03:29,690 - INFO -   Nodes: 1, Terminal: 0, Pruned: 0
2025-07-08 07:03:29,690 - INFO -   Best move: (CardPosition(rank=4, suit=3), (2, 10)), Score: 10.943
2025-07-08 07:03:29,690 - INFO - Depth 4 completed in 0.000056s
2025-07-08 07:03:29,690 - INFO -   Nodes: 1, Terminal: 0, Pruned: 0
2025-07-08 07:03:29,690 - INFO -   Best move: (CardPosition(rank=4, suit=3), (2, 10)), Score: 10.943
2025-07-08 07:03:29,690 - INFO - Depth 5 completed in 0.000056s
2025-07-08 07:03:29,690 - INFO -   Nodes: 1, Terminal: 0, Pruned: 0
2025-07-08 07:03:29,690 - INFO -   Best move: (CardPosition(rank=4, suit=3), (2, 10)), Score: 10.943
2025-07-08 07:03:29,690 - INFO - Depth 6 completed in 0.000056s
2025-07-08 07:03:29,690 - INFO -   Nodes: 1, Terminal: 0, Pruned: 0
2025-07-08 07:03:29,690 - INFO -   Best move: (CardPosition(rank=4, suit=3), (2, 10)), Score: 10.943
2025-07-08 07:03:29,690 - INFO - Depth 7 completed in 0.000056s
2025-07-08 07:03:29,690 - INFO -   Nodes: 1, Terminal: 0, Pruned: 0
2025-07-08 07:03:29,690 - INFO -   Best move: (CardPosition(rank=4, suit=3), (2, 10)), Score: 10.943
2025-07-08 07:03:29,691 - INFO - Depth 8 completed in 0.000054s
2025-07-08 07:03:29,691 - INFO -   Nodes: 1, Terminal: 0, Pruned: 0
2025-07-08 07:03:29,691 - INFO -   Best move: (CardPosition(rank=4, suit=3), (2, 10)), Score: 10.943
2025-07-08 07:03:29,691 - INFO - Depth 9 completed in 0.000054s
2025-07-08 07:03:29,691 - INFO -   Nodes: 1, Terminal: 0, Pruned: 0
2025-07-08 07:03:29,691 - INFO -   Best move: (CardPosition(rank=4, suit=3), (2, 10)), Score: 10.943
2025-07-08 07:03:29,691 - INFO - Depth 10 completed in 0.000054s
2025-07-08 07:03:29,691 - INFO -   Nodes: 1, Terminal: 0, Pruned: 0
2025-07-08 07:03:29,691 - INFO -   Best move: (CardPosition(rank=4, suit=3), (2, 10)), Score: 10.943
2025-07-08 07:03:29,691 - INFO - Depth 11 completed in 0.000058s
2025-07-08 07:03:29,691 - INFO -   Nodes: 1, Terminal: 0, Pruned: 0
2025-07-08 07:03:29,691 - INFO -   Best move: (CardPosition(rank=4, suit=3), (2, 10)), Score: 10.943
2025-07-08 07:03:29,691 - INFO - Depth 12 completed in 0.000059s
2025-07-08 07:03:29,691 - INFO -   Nodes: 1, Terminal: 0, Pruned: 0
2025-07-08 07:03:29,691 - INFO -   Best move: (CardPosition(rank=4, suit=3), (2, 10)), Score: 10.943
2025-07-08 07:03:29,691 - INFO - Depth 13 completed in 0.000055s
2025-07-08 07:03:29,691 - INFO -   Nodes: 1, Terminal: 0, Pruned: 0
2025-07-08 07:03:29,691 - INFO -   Best move: (CardPosition(rank=4, suit=3), (2, 10)), Score: 10.943
2025-07-08 07:03:29,691 - INFO - Depth 14 completed in 0.000054s
2025-07-08 07:03:29,691 - INFO -   Nodes: 1, Terminal: 0, Pruned: 0
2025-07-08 07:03:29,692 - INFO -   Best move: (CardPosition(rank=4, suit=3), (2, 10)), Score: 10.943
2025-07-08 07:03:29,692 - INFO - Depth 15 completed in 0.000058s
2025-07-08 07:03:29,692 - INFO -   Nodes: 1, Terminal: 0, Pruned: 0
2025-07-08 07:03:29,692 - INFO -   Best move: (CardPosition(rank=4, suit=3), (2, 10)), Score: 10.943
2025-07-08 07:03:29,692 - INFO - Depth 16 completed in 0.000054s
2025-07-08 07:03:29,692 - INFO -   Nodes: 1, Terminal: 0, Pruned: 0
2025-07-08 07:03:29,692 - INFO -   Best move: (CardPosition(rank=4, suit=3), (2, 10)), Score: 10.943
2025-07-08 07:03:29,692 - INFO - Depth 17 completed in 0.000054s
2025-07-08 07:03:29,692 - INFO -   Nodes: 1, Terminal: 0, Pruned: 0
2025-07-08 07:03:29,692 - INFO -   Best move: (CardPosition(rank=4, suit=3), (2, 10)), Score: 10.943
2025-07-08 07:03:29,692 - INFO - Depth 18 completed in 0.000054s
2025-07-08 07:03:29,692 - INFO -   Nodes: 1, Terminal: 0, Pruned: 0
2025-07-08 07:03:29,692 - INFO -   Best move: (CardPosition(rank=4, suit=3), (2, 10)), Score: 10.943
2025-07-08 07:03:29,692 - INFO - Depth 19 completed in 0.000054s
2025-07-08 07:03:29,692 - INFO -   Nodes: 1, Terminal: 0, Pruned: 0
2025-07-08 07:03:29,692 - INFO -   Best move: (CardPosition(rank=4, suit=3), (2, 10)), Score: 10.943
2025-07-08 07:03:29,692 - INFO - Depth 20 completed in 0.000054s
2025-07-08 07:03:29,692 - INFO -   Nodes: 1, Terminal: 0, Pruned: 0
2025-07-08 07:03:29,692 - INFO -   Best move: (CardPosition(rank=4, suit=3), (2, 10)), Score: 10.943
2025-07-08 07:03:29,692 - INFO - Depth 21 completed in 0.000054s
2025-07-08 07:03:29,692 - INFO -   Nodes: 1, Terminal: 0, Pruned: 0
2025-07-08 07:03:29,692 - INFO -   Best move: (CardPosition(rank=4, suit=3), (2, 10)), Score: 10.943
2025-07-08 07:03:29,693 - INFO - Depth 22 completed in 0.000054s
2025-07-08 07:03:29,693 - INFO -   Nodes: 1, Terminal: 0, Pruned: 0
2025-07-08 07:03:29,693 - INFO -   Best move: (CardPosition(rank=4, suit=3), (2, 10)), Score: 10.943
2025-07-08 07:03:29,693 - INFO - Depth 23 completed in 0.000054s
2025-07-08 07:03:29,693 - INFO -   Nodes: 1, Terminal: 0, Pruned: 0
2025-07-08 07:03:29,693 - INFO -   Best move: (CardPosition(rank=4, suit=3), (2, 10)), Score: 10.943
2025-07-08 07:03:29,693 - INFO - Depth 24 completed in 0.000054s
2025-07-08 07:03:29,693 - INFO -   Nodes: 1, Terminal: 0, Pruned: 0
2025-07-08 07:03:29,693 - INFO -   Best move: (CardPosition(rank=4, suit=3), (2, 10)), Score: 10.943
2025-07-08 07:03:29,693 - INFO - Depth 25 completed in 0.000054s
2025-07-08 07:03:29,693 - INFO -   Nodes: 1, Terminal: 0, Pruned: 0
2025-07-08 07:03:29,693 - INFO -   Best move: (CardPosition(rank=4, suit=3), (2, 10)), Score: 10.943
2025-07-08 07:03:29,693 - INFO - Iterative deepening completed: depth 25/25
2025-07-08 07:03:29,693 - INFO - === Search Completed ===
2025-07-08 07:03:29,693 - INFO - Positions evaluated: 25
2025-07-08 07:03:29,693 - INFO - Time taken: 0.003729s
2025-07-08 07:03:29,693 - INFO - Positions/second: 6704.52
2025-07-08 07:03:29,693 - INFO - Max depth reached: 1
2025-07-08 07:03:29,693 - INFO - Average depth reached: 1.00
2025-07-08 07:03:29,693 - INFO - Average branching factor: 1.00
2025-07-08 07:03:29,693 - INFO - Cache hits: 24
2025-07-08 07:03:29,693 - INFO - Cache misses: 1
2025-07-08 07:03:29,693 - INFO - Cache hit rate: 96.0%
2025-07-08 07:03:29,693 - INFO - Transposition table size: 1
2025-07-08 07:03:29,693 - INFO - === Search Started ===
2025-07-08 07:03:29,693 - INFO - Position: 1 legal moves available
2025-07-08 07:03:29,693 - INFO - Max search depth: 25
2025-07-08 07:03:29,694 - INFO - Depth 1 completed in 0.000128s
2025-07-08 07:03:29,694 - INFO -   Nodes: 1, Terminal: 1, Pruned: 0
2025-07-08 07:03:29,694 - INFO -   Best move: (CardPosition(rank=6, suit=1), (0, 2)), Score: 10.943
2025-07-08 07:03:29,694 - INFO - Depth 2 completed in 0.000075s
2025-07-08 07:03:29,694 - INFO -   Nodes: 1, Terminal: 0, Pruned: 0
2025-07-08 07:03:29,694 - INFO -   Best move: (CardPosition(rank=6, suit=1), (0, 2)), Score: 10.943
2025-07-08 07:03:29,694 - INFO - Depth 3 completed in 0.000063s
2025-07-08 07:03:29,694 - INFO -   Nodes: 1, Terminal: 0, Pruned: 0
2025-07-08 07:03:29,694 - INFO -   Best move: (CardPosition(rank=6, suit=1), (0, 2)), Score: 10.943
2025-07-08 07:03:29,694 - INFO - Depth 4 completed in 0.000064s
2025-07-08 07:03:29,694 - INFO -   Nodes: 1, Terminal: 0, Pruned: 0
2025-07-08 07:03:29,694 - INFO -   Best move: (CardPosition(rank=6, suit=1), (0, 2)), Score: 10.943
2025-07-08 07:03:29,694 - INFO - Depth 5 completed in 0.000061s
2025-07-08 07:03:29,694 - INFO -   Nodes: 1, Terminal: 0, Pruned: 0
2025-07-08 07:03:29,694 - INFO -   Best move: (CardPosition(rank=6, suit=1), (0, 2)), Score: 10.943
2025-07-08 07:03:29,694 - INFO - Depth 6 completed in 0.000061s
2025-07-08 07:03:29,694 - INFO -   Nodes: 1, Terminal: 0, Pruned: 0
2025-07-08 07:03:29,694 - INFO -   Best move: (CardPosition(rank=6, suit=1), (0, 2)), Score: 10.943
2025-07-08 07:03:29,695 - INFO - Depth 7 completed in 0.000061s
2025-07-08 07:03:29,695 - INFO -   Nodes: 1, Terminal: 0, Pruned: 0
2025-07-08 07:03:29,695 - INFO -   Best move: (CardPosition(rank=6, suit=1), (0, 2)), Score: 10.943
2025-07-08 07:03:29,695 - INFO - Depth 8 completed in 0.000062s
2025-07-08 07:03:29,695 - INFO -   Nodes: 1, Terminal: 0, Pruned: 0
2025-07-08 07:03:29,695 - INFO -   Best move: (CardPosition(rank=6, suit=1), (0, 2)), Score: 10.943
2025-07-08 07:03:29,695 - INFO - Depth 9 completed in 0.000062s
2025-07-08 07:03:29,695 - INFO -   Nodes: 1, Terminal: 0, Pruned: 0
2025-07-08 07:03:29,695 - INFO -   Best move: (CardPosition(rank=6, suit=1), (0, 2)), Score: 10.943
2025-07-08 07:03:29,695 - INFO - Depth 10 completed in 0.000061s
2025-07-08 07:03:29,695 - INFO -   Nodes: 1, Terminal: 0, Pruned: 0
2025-07-08 07:03:29,695 - INFO -   Best move: (CardPosition(rank=6, suit=1), (0, 2)), Score: 10.943
2025-07-08 07:03:29,695 - INFO - Depth 11 completed in 0.000062s
2025-07-08 07:03:29,695 - INFO -   Nodes: 1, Terminal: 0, Pruned: 0
2025-07-08 07:03:29,695 - INFO -   Best move: (CardPosition(rank=6, suit=1), (0, 2)), Score: 10.943
2025-07-08 07:03:29,695 - INFO - Depth 12 completed in 0.000061s
2025-07-08 07:03:29,695 - INFO -   Nodes: 1, Terminal: 0, Pruned: 0
2025-07-08 07:03:29,695 - INFO -   Best move: (CardPosition(rank=6, suit=1), (0, 2)), Score: 10.943
2025-07-08 07:03:29,695 - INFO - Depth 13 completed in 0.000061s
2025-07-08 07:03:29,695 - INFO -   Nodes: 1, Terminal: 0, Pruned: 0
2025-07-08 07:03:29,695 - INFO -   Best move: (CardPosition(rank=6, suit=1), (0, 2)), Score: 10.943
2025-07-08 07:03:29,696 - INFO - Depth 14 completed in 0.000061s
2025-07-08 07:03:29,696 - INFO -   Nodes: 1, Terminal: 0, Pruned: 0
2025-07-08 07:03:29,696 - INFO -   Best move: (CardPosition(rank=6, suit=1), (0, 2)), Score: 10.943
2025-07-08 07:03:29,696 - INFO - Depth 15 completed in 0.000061s
2025-07-08 07:03:29,696 - INFO -   Nodes: 1, Terminal: 0, Pruned: 0
2025-07-08 07:03:29,696 - INFO -   Best move: (CardPosition(rank=6, suit=1), (0, 2)), Score: 10.943
2025-07-08 07:03:29,696 - INFO - Depth 16 completed in 0.000097s
2025-07-08 07:03:29,696 - INFO -   Nodes: 1, Terminal: 0, Pruned: 0
2025-07-08 07:03:29,696 - INFO -   Best move: (CardPosition(rank=6, suit=1), (0, 2)), Score: 10.943
2025-07-08 07:03:29,696 - INFO - Depth 17 completed in 0.000062s
2025-07-08 07:03:29,696 - INFO -   Nodes: 1, Terminal: 0, Pruned: 0
2025-07-08 07:03:29,696 - INFO -   Best move: (CardPosition(rank=6, suit=1), (0, 2)), Score: 10.943
2025-07-08 07:03:29,696 - INFO - Depth 18 completed in 0.000062s
2025-07-08 07:03:29,696 - INFO -   Nodes: 1, Terminal: 0, Pruned: 0
2025-07-08 07:03:29,696 - INFO -   Best move: (CardPosition(rank=6, suit=1), (0, 2)), Score: 10.943
2025-07-08 07:03:29,696 - INFO - Depth 19 completed in 0.000062s
2025-07-08 07:03:29,696 - INFO -   Nodes: 1, Terminal: 0, Pruned: 0
2025-07-08 07:03:29,696 - INFO -   Best move: (CardPosition(rank=6, suit=1), (0, 2)), Score: 10.943
2025-07-08 07:03:29,696 - INFO - Depth 20 completed in 0.000061s
2025-07-08 07:03:29,697 - INFO -   Nodes: 1, Terminal: 0, Pruned: 0
2025-07-08 07:03:29,697 - INFO -   Best move: (CardPosition(rank=6, suit=1), (0, 2)), Score: 10.943
2025-07-08 07:03:29,697 - INFO - Depth 21 completed in 0.000065s
2025-07-08 07:03:29,697 - INFO -   Nodes: 1, Terminal: 0, Pruned: 0
2025-07-08 07:03:29,697 - INFO -   Best move: (CardPosition(rank=6, suit=1), (0, 2)), Score: 10.943
2025-07-08 07:03:29,697 - INFO - Depth 22 completed in 0.000061s
2025-07-08 07:03:29,697 - INFO -   Nodes: 1, Terminal: 0, Pruned: 0
2025-07-08 07:03:29,697 - INFO -   Best move: (CardPosition(rank=6, suit=1), (0, 2)), Score: 10.943
2025-07-08 07:03:29,697 - INFO - Depth 23 completed in 0.000062s
2025-07-08 07:03:29,697 - INFO -   Nodes: 1, Terminal: 0, Pruned: 0
2025-07-08 07:03:29,697 - INFO -   Best move: (CardPosition(rank=6, suit=1), (0, 2)), Score: 10.943
2025-07-08 07:03:29,697 - INFO - Depth 24 completed in 0.000061s
2025-07-08 07:03:29,697 - INFO -   Nodes: 1, Terminal: 0, Pruned: 0
2025-07-08 07:03:29,697 - INFO -   Best move: (CardPosition(rank=6, suit=1), (0, 2)), Score: 10.943
2025-07-08 07:03:29,697 - INFO - Depth 25 completed in 0.000062s
2025-07-08 07:03:29,697 - INFO -   Nodes: 1, Terminal: 0, Pruned: 0
2025-07-08 07:03:29,697 - INFO -   Best move: (CardPosition(rank=6, suit=1), (0, 2)), Score: 10.943
2025-07-08 07:03:29,697 - INFO - Iterative deepening completed: depth 25/25
2025-07-08 07:03:29,697 - INFO - === Search Completed ===
2025-07-08 07:03:29,697 - INFO - Positions evaluated: 25
2025-07-08 07:03:29,697 - INFO - Time taken: 0.003890s
2025-07-08 07:03:29,697 - INFO - Positions/second: 6426.90
2025-07-08 07:03:29,697 - INFO - Max depth reached: 1
2025-07-08 07:03:29,697 - INFO - Average depth reached: 1.00
2025-07-08 07:03:29,697 - INFO - Average branching factor: 1.00
2025-07-08 07:03:29,697 - INFO - Cache hits: 24
2025-07-08 07:03:29,698 - INFO - Cache misses: 1
2025-07-08 07:03:29,698 - INFO - Cache hit rate: 96.0%
2025-07-08 07:03:29,698 - INFO - Transposition table size: 1
2025-07-08 07:03:29,698 - INFO - === Search Started ===
2025-07-08 07:03:29,698 - INFO - Position: 1 legal moves available
2025-07-08 07:03:29,698 - INFO - Max search depth: 25
2025-07-08 07:03:29,698 - INFO - Depth 1 completed in 0.000127s
2025-07-08 07:03:29,698 - INFO -   Nodes: 1, Terminal: 1, Pruned: 0
2025-07-08 07:03:29,698 - INFO -   Best move: (CardPosition(rank=7, suit=0), (2, 4)), Score: 10.943
2025-07-08 07:03:29,698 - INFO - Depth 2 completed in 0.000065s
2025-07-08 07:03:29,698 - INFO -   Nodes: 1, Terminal: 0, Pruned: 0
2025-07-08 07:03:29,698 - INFO -   Best move: (CardPosition(rank=7, suit=0), (2, 4)), Score: 10.943
2025-07-08 07:03:29,698 - INFO - Depth 3 completed in 0.000065s
2025-07-08 07:03:29,698 - INFO -   Nodes: 1, Terminal: 0, Pruned: 0
2025-07-08 07:03:29,698 - INFO -   Best move: (CardPosition(rank=7, suit=0), (2, 4)), Score: 10.943
2025-07-08 07:03:29,698 - INFO - Depth 4 completed in 0.000064s
2025-07-08 07:03:29,698 - INFO -   Nodes: 1, Terminal: 0, Pruned: 0
2025-07-08 07:03:29,698 - INFO -   Best move: (CardPosition(rank=7, suit=0), (2, 4)), Score: 10.943
2025-07-08 07:03:29,698 - INFO - Depth 5 completed in 0.000064s
2025-07-08 07:03:29,698 - INFO -   Nodes: 1, Terminal: 0, Pruned: 0
2025-07-08 07:03:29,699 - INFO -   Best move: (CardPosition(rank=7, suit=0), (2, 4)), Score: 10.943
2025-07-08 07:03:29,699 - INFO - Depth 6 completed in 0.000068s
2025-07-08 07:03:29,699 - INFO -   Nodes: 1, Terminal: 0, Pruned: 0
2025-07-08 07:03:29,699 - INFO -   Best move: (CardPosition(rank=7, suit=0), (2, 4)), Score: 10.943
2025-07-08 07:03:29,699 - INFO - Depth 7 completed in 0.000063s
2025-07-08 07:03:29,699 - INFO -   Nodes: 1, Terminal: 0, Pruned: 0
2025-07-08 07:03:29,699 - INFO -   Best move: (CardPosition(rank=7, suit=0), (2, 4)), Score: 10.943
2025-07-08 07:03:29,699 - INFO - Depth 8 completed in 0.000063s
2025-07-08 07:03:29,699 - INFO -   Nodes: 1, Terminal: 0, Pruned: 0
2025-07-08 07:03:29,699 - INFO -   Best move: (CardPosition(rank=7, suit=0), (2, 4)), Score: 10.943
2025-07-08 07:03:29,699 - INFO - Depth 9 completed in 0.000064s
2025-07-08 07:03:29,699 - INFO -   Nodes: 1, Terminal: 0, Pruned: 0
2025-07-08 07:03:29,699 - INFO -   Best move: (CardPosition(rank=7, suit=0), (2, 4)), Score: 10.943
2025-07-08 07:03:29,699 - INFO - Depth 10 completed in 0.000063s
2025-07-08 07:03:29,699 - INFO -   Nodes: 1, Terminal: 0, Pruned: 0
2025-07-08 07:03:29,699 - INFO -   Best move: (CardPosition(rank=7, suit=0), (2, 4)), Score: 10.943
2025-07-08 07:03:29,699 - INFO - Depth 11 completed in 0.000063s
2025-07-08 07:03:29,699 - INFO -   Nodes: 1, Terminal: 0, Pruned: 0
2025-07-08 07:03:29,699 - INFO -   Best move: (CardPosition(rank=7, suit=0), (2, 4)), Score: 10.943
2025-07-08 07:03:29,699 - INFO - Depth 12 completed in 0.000063s
2025-07-08 07:03:29,700 - INFO -   Nodes: 1, Terminal: 0, Pruned: 0
2025-07-08 07:03:29,700 - INFO -   Best move: (CardPosition(rank=7, suit=0), (2, 4)), Score: 10.943
2025-07-08 07:03:29,700 - INFO - Depth 13 completed in 0.000063s
2025-07-08 07:03:29,700 - INFO -   Nodes: 1, Terminal: 0, Pruned: 0
2025-07-08 07:03:29,700 - INFO -   Best move: (CardPosition(rank=7, suit=0), (2, 4)), Score: 10.943
2025-07-08 07:03:29,700 - INFO - Depth 14 completed in 0.000063s
2025-07-08 07:03:29,700 - INFO -   Nodes: 1, Terminal: 0, Pruned: 0
2025-07-08 07:03:29,700 - INFO -   Best move: (CardPosition(rank=7, suit=0), (2, 4)), Score: 10.943
2025-07-08 07:03:29,700 - INFO - Depth 15 completed in 0.000063s
2025-07-08 07:03:29,700 - INFO -   Nodes: 1, Terminal: 0, Pruned: 0
2025-07-08 07:03:29,700 - INFO -   Best move: (CardPosition(rank=7, suit=0), (2, 4)), Score: 10.943
2025-07-08 07:03:29,700 - INFO - Depth 16 completed in 0.000063s
2025-07-08 07:03:29,700 - INFO -   Nodes: 1, Terminal: 0, Pruned: 0
2025-07-08 07:03:29,700 - INFO -   Best move: (CardPosition(rank=7, suit=0), (2, 4)), Score: 10.943
2025-07-08 07:03:29,700 - INFO - Depth 17 completed in 0.000063s
2025-07-08 07:03:29,700 - INFO -   Nodes: 1, Terminal: 0, Pruned: 0
2025-07-08 07:03:29,700 - INFO -   Best move: (CardPosition(rank=7, suit=0), (2, 4)), Score: 10.943
2025-07-08 07:03:29,700 - INFO - Depth 18 completed in 0.000063s
2025-07-08 07:03:29,700 - INFO -   Nodes: 1, Terminal: 0, Pruned: 0
2025-07-08 07:03:29,700 - INFO -   Best move: (CardPosition(rank=7, suit=0), (2, 4)), Score: 10.943
2025-07-08 07:03:29,701 - INFO - Depth 19 completed in 0.000063s
2025-07-08 07:03:29,701 - INFO -   Nodes: 1, Terminal: 0, Pruned: 0
2025-07-08 07:03:29,701 - INFO -   Best move: (CardPosition(rank=7, suit=0), (2, 4)), Score: 10.943
2025-07-08 07:03:29,701 - INFO - Depth 20 completed in 0.000062s
2025-07-08 07:03:29,701 - INFO -   Nodes: 1, Terminal: 0, Pruned: 0
2025-07-08 07:03:29,701 - INFO -   Best move: (CardPosition(rank=7, suit=0), (2, 4)), Score: 10.943
2025-07-08 07:03:29,701 - INFO - Depth 21 completed in 0.000063s
2025-07-08 07:03:29,701 - INFO -   Nodes: 1, Terminal: 0, Pruned: 0
2025-07-08 07:03:29,701 - INFO -   Best move: (CardPosition(rank=7, suit=0), (2, 4)), Score: 10.943
2025-07-08 07:03:29,701 - INFO - Depth 22 completed in 0.000063s
2025-07-08 07:03:29,701 - INFO -   Nodes: 1, Terminal: 0, Pruned: 0
2025-07-08 07:03:29,701 - INFO -   Best move: (CardPosition(rank=7, suit=0), (2, 4)), Score: 10.943
2025-07-08 07:03:29,701 - INFO - Depth 23 completed in 0.000063s
2025-07-08 07:03:29,701 - INFO -   Nodes: 1, Terminal: 0, Pruned: 0
2025-07-08 07:03:29,701 - INFO -   Best move: (CardPosition(rank=7, suit=0), (2, 4)), Score: 10.943
2025-07-08 07:03:29,701 - INFO - Depth 24 completed in 0.000063s
2025-07-08 07:03:29,701 - INFO -   Nodes: 1, Terminal: 0, Pruned: 0
2025-07-08 07:03:29,701 - INFO -   Best move: (CardPosition(rank=7, suit=0), (2, 4)), Score: 10.943
2025-07-08 07:03:29,701 - INFO - Depth 25 completed in 0.000063s
2025-07-08 07:03:29,701 - INFO -   Nodes: 1, Terminal: 0, Pruned: 0
2025-07-08 07:03:29,701 - INFO -   Best move: (CardPosition(rank=7, suit=0), (2, 4)), Score: 10.943
2025-07-08 07:03:29,701 - INFO - Iterative deepening completed: depth 25/25
2025-07-08 07:03:29,702 - INFO - === Search Completed ===
2025-07-08 07:03:29,702 - INFO - Positions evaluated: 25
2025-07-08 07:03:29,702 - INFO - Time taken: 0.003855s
2025-07-08 07:03:29,702 - INFO - Positions/second: 6484.72
2025-07-08 07:03:29,702 - INFO - Max depth reached: 1
2025-07-08 07:03:29,702 - INFO - Average depth reached: 1.00
2025-07-08 07:03:29,702 - INFO - Average branching factor: 1.00
2025-07-08 07:03:29,702 - INFO - Cache hits: 24
2025-07-08 07:03:29,702 - INFO - Cache misses: 1
2025-07-08 07:03:29,702 - INFO - Cache hit rate: 96.0%
2025-07-08 07:03:29,702 - INFO - Transposition table size: 1
2025-07-08 07:03:29,702 - INFO - === Search Started ===
2025-07-08 07:03:29,702 - INFO - Position: 1 legal moves available
2025-07-08 07:03:29,702 - INFO - Max search depth: 25
2025-07-08 07:03:29,702 - INFO - Depth 1 completed in 0.000128s
2025-07-08 07:03:29,702 - INFO -   Nodes: 1, Terminal: 1, Pruned: 0
2025-07-08 07:03:29,702 - INFO -   Best move: (CardPosition(rank=2, suit=2), (3, 0)), Score: 12.830
2025-07-08 07:03:29,702 - INFO - Depth 2 completed in 0.000064s
2025-07-08 07:03:29,702 - INFO -   Nodes: 1, Terminal: 0, Pruned: 0
2025-07-08 07:03:29,702 - INFO -   Best move: (CardPosition(rank=2, suit=2), (3, 0)), Score: 12.830
2025-07-08 07:03:29,702 - INFO - Depth 3 completed in 0.000063s
2025-07-08 07:03:29,702 - INFO -   Nodes: 1, Terminal: 0, Pruned: 0
2025-07-08 07:03:29,702 - INFO -   Best move: (CardPosition(rank=2, suit=2), (3, 0)), Score: 12.830
2025-07-08 07:03:29,703 - INFO - Depth 4 completed in 0.000063s
2025-07-08 07:03:29,703 - INFO -   Nodes: 1, Terminal: 0, Pruned: 0
2025-07-08 07:03:29,703 - INFO -   Best move: (CardPosition(rank=2, suit=2), (3, 0)), Score: 12.830
2025-07-08 07:03:29,703 - INFO - Depth 5 completed in 0.000063s
2025-07-08 07:03:29,703 - INFO -   Nodes: 1, Terminal: 0, Pruned: 0
2025-07-08 07:03:29,703 - INFO -   Best move: (CardPosition(rank=2, suit=2), (3, 0)), Score: 12.830
2025-07-08 07:03:29,703 - INFO - Depth 6 completed in 0.000062s
2025-07-08 07:03:29,703 - INFO -   Nodes: 1, Terminal: 0, Pruned: 0
2025-07-08 07:03:29,703 - INFO -   Best move: (CardPosition(rank=2, suit=2), (3, 0)), Score: 12.830
2025-07-08 07:03:29,703 - INFO - Depth 7 completed in 0.000069s
2025-07-08 07:03:29,703 - INFO -   Nodes: 1, Terminal: 0, Pruned: 0
2025-07-08 07:03:29,703 - INFO -   Best move: (CardPosition(rank=2, suit=2), (3, 0)), Score: 12.830
2025-07-08 07:03:29,703 - INFO - Depth 8 completed in 0.000074s
2025-07-08 07:03:29,703 - INFO -   Nodes: 1, Terminal: 0, Pruned: 0
2025-07-08 07:03:29,703 - INFO -   Best move: (CardPosition(rank=2, suit=2), (3, 0)), Score: 12.830
2025-07-08 07:03:29,703 - INFO - Depth 9 completed in 0.000065s
2025-07-08 07:03:29,703 - INFO -   Nodes: 1, Terminal: 0, Pruned: 0
2025-07-08 07:03:29,704 - INFO -   Best move: (CardPosition(rank=2, suit=2), (3, 0)), Score: 12.830
2025-07-08 07:03:29,704 - INFO - Depth 10 completed in 0.000063s
2025-07-08 07:03:29,704 - INFO -   Nodes: 1, Terminal: 0, Pruned: 0
2025-07-08 07:03:29,704 - INFO -   Best move: (CardPosition(rank=2, suit=2), (3, 0)), Score: 12.830
2025-07-08 07:03:29,704 - INFO - Depth 11 completed in 0.000061s
2025-07-08 07:03:29,704 - INFO -   Nodes: 1, Terminal: 0, Pruned: 0
2025-07-08 07:03:29,704 - INFO -   Best move: (CardPosition(rank=2, suit=2), (3, 0)), Score: 12.830
2025-07-08 07:03:29,704 - INFO - Depth 12 completed in 0.000063s
2025-07-08 07:03:29,704 - INFO -   Nodes: 1, Terminal: 0, Pruned: 0
2025-07-08 07:03:29,704 - INFO -   Best move: (CardPosition(rank=2, suit=2), (3, 0)), Score: 12.830
2025-07-08 07:03:29,704 - INFO - Depth 13 completed in 0.000063s
2025-07-08 07:03:29,704 - INFO -   Nodes: 1, Terminal: 0, Pruned: 0
2025-07-08 07:03:29,704 - INFO -   Best move: (CardPosition(rank=2, suit=2), (3, 0)), Score: 12.830
2025-07-08 07:03:29,704 - INFO - Depth 14 completed in 0.000062s
2025-07-08 07:03:29,704 - INFO -   Nodes: 1, Terminal: 0, Pruned: 0
2025-07-08 07:03:29,704 - INFO -   Best move: (CardPosition(rank=2, suit=2), (3, 0)), Score: 12.830
2025-07-08 07:03:29,704 - INFO - Depth 15 completed in 0.000062s
2025-07-08 07:03:29,704 - INFO -   Nodes: 1, Terminal: 0, Pruned: 0
2025-07-08 07:03:29,704 - INFO -   Best move: (CardPosition(rank=2, suit=2), (3, 0)), Score: 12.830
2025-07-08 07:03:29,704 - INFO - Depth 16 completed in 0.000061s
2025-07-08 07:03:29,704 - INFO -   Nodes: 1, Terminal: 0, Pruned: 0
2025-07-08 07:03:29,705 - INFO -   Best move: (CardPosition(rank=2, suit=2), (3, 0)), Score: 12.830
2025-07-08 07:03:29,705 - INFO - Depth 17 completed in 0.000061s
2025-07-08 07:03:29,705 - INFO -   Nodes: 1, Terminal: 0, Pruned: 0
2025-07-08 07:03:29,705 - INFO -   Best move: (CardPosition(rank=2, suit=2), (3, 0)), Score: 12.830
2025-07-08 07:03:29,705 - INFO - Depth 18 completed in 0.000061s
2025-07-08 07:03:29,705 - INFO -   Nodes: 1, Terminal: 0, Pruned: 0
2025-07-08 07:03:29,705 - INFO -   Best move: (CardPosition(rank=2, suit=2), (3, 0)), Score: 12.830
2025-07-08 07:03:29,705 - INFO - Depth 19 completed in 0.000061s
2025-07-08 07:03:29,705 - INFO -   Nodes: 1, Terminal: 0, Pruned: 0
2025-07-08 07:03:29,705 - INFO -   Best move: (CardPosition(rank=2, suit=2), (3, 0)), Score: 12.830
2025-07-08 07:03:29,705 - INFO - Depth 20 completed in 0.000061s
2025-07-08 07:03:29,705 - INFO -   Nodes: 1, Terminal: 0, Pruned: 0
2025-07-08 07:03:29,705 - INFO -   Best move: (CardPosition(rank=2, suit=2), (3, 0)), Score: 12.830
2025-07-08 07:03:29,705 - INFO - Depth 21 completed in 0.000061s
2025-07-08 07:03:29,705 - INFO -   Nodes: 1, Terminal: 0, Pruned: 0
2025-07-08 07:03:29,705 - INFO -   Best move: (CardPosition(rank=2, suit=2), (3, 0)), Score: 12.830
2025-07-08 07:03:29,705 - INFO - Depth 22 completed in 0.000062s
2025-07-08 07:03:29,705 - INFO -   Nodes: 1, Terminal: 0, Pruned: 0
2025-07-08 07:03:29,705 - INFO -   Best move: (CardPosition(rank=2, suit=2), (3, 0)), Score: 12.830
2025-07-08 07:03:29,705 - INFO - Depth 23 completed in 0.000060s
2025-07-08 07:03:29,705 - INFO -   Nodes: 1, Terminal: 0, Pruned: 0
2025-07-08 07:03:29,706 - INFO -   Best move: (CardPosition(rank=2, suit=2), (3, 0)), Score: 12.830
2025-07-08 07:03:29,706 - INFO - Depth 24 completed in 0.000061s
2025-07-08 07:03:29,706 - INFO -   Nodes: 1, Terminal: 0, Pruned: 0
2025-07-08 07:03:29,706 - INFO -   Best move: (CardPosition(rank=2, suit=2), (3, 0)), Score: 12.830
2025-07-08 07:03:29,706 - INFO - Depth 25 completed in 0.000062s
2025-07-08 07:03:29,706 - INFO -   Nodes: 1, Terminal: 0, Pruned: 0
2025-07-08 07:03:29,706 - INFO -   Best move: (CardPosition(rank=2, suit=2), (3, 0)), Score: 12.830
2025-07-08 07:03:29,706 - INFO - Iterative deepening completed: depth 25/25
2025-07-08 07:03:29,706 - INFO - === Search Completed ===
2025-07-08 07:03:29,706 - INFO - Positions evaluated: 25
2025-07-08 07:03:29,706 - INFO - Time taken: 0.003938s
2025-07-08 07:03:29,706 - INFO - Positions/second: 6348.92
2025-07-08 07:03:29,706 - INFO - Max depth reached: 1
2025-07-08 07:03:29,706 - INFO - Average depth reached: 1.00
2025-07-08 07:03:29,706 - INFO - Average branching factor: 1.00
2025-07-08 07:03:29,706 - INFO - Cache hits: 24
2025-07-08 07:03:29,706 - INFO - Cache misses: 1
2025-07-08 07:03:29,706 - INFO - Cache hit rate: 96.0%
2025-07-08 07:03:29,706 - INFO - Transposition table size: 1
2025-07-08 07:03:29,706 - INFO - === Search Started ===
2025-07-08 07:03:29,706 - INFO - Position: 1 legal moves available
2025-07-08 07:03:29,706 - INFO - Max search depth: 25
2025-07-08 07:03:29,706 - INFO - Depth 1 completed in 0.000123s
2025-07-08 07:03:29,706 - INFO -   Nodes: 1, Terminal: 1, Pruned: 0
2025-07-08 07:03:29,706 - INFO -   Best move: (CardPosition(rank=8, suit=3), (3, 11)), Score: 12.830
2025-07-08 07:03:29,707 - INFO - Depth 2 completed in 0.000058s
2025-07-08 07:03:29,707 - INFO -   Nodes: 1, Terminal: 0, Pruned: 0
2025-07-08 07:03:29,707 - INFO -   Best move: (CardPosition(rank=8, suit=3), (3, 11)), Score: 12.830
2025-07-08 07:03:29,707 - INFO - Depth 3 completed in 0.000056s
2025-07-08 07:03:29,707 - INFO -   Nodes: 1, Terminal: 0, Pruned: 0
2025-07-08 07:03:29,707 - INFO -   Best move: (CardPosition(rank=8, suit=3), (3, 11)), Score: 12.830
2025-07-08 07:03:29,707 - INFO - Depth 4 completed in 0.000098s
2025-07-08 07:03:29,707 - INFO -   Nodes: 1, Terminal: 0, Pruned: 0
2025-07-08 07:03:29,707 - INFO -   Best move: (CardPosition(rank=8, suit=3), (3, 11)), Score: 12.830
2025-07-08 07:03:29,707 - INFO - Depth 5 completed in 0.000054s
2025-07-08 07:03:29,707 - INFO -   Nodes: 1, Terminal: 0, Pruned: 0
2025-07-08 07:03:29,707 - INFO -   Best move: (CardPosition(rank=8, suit=3), (3, 11)), Score: 12.830
2025-07-08 07:03:29,707 - INFO - Depth 6 completed in 0.000055s
2025-07-08 07:03:29,707 - INFO -   Nodes: 1, Terminal: 0, Pruned: 0
2025-07-08 07:03:29,707 - INFO -   Best move: (CardPosition(rank=8, suit=3), (3, 11)), Score: 12.830
2025-07-08 07:03:29,707 - INFO - Depth 7 completed in 0.000055s
2025-07-08 07:03:29,707 - INFO -   Nodes: 1, Terminal: 0, Pruned: 0
2025-07-08 07:03:29,707 - INFO -   Best move: (CardPosition(rank=8, suit=3), (3, 11)), Score: 12.830
2025-07-08 07:03:29,707 - INFO - Depth 8 completed in 0.000055s
2025-07-08 07:03:29,707 - INFO -   Nodes: 1, Terminal: 0, Pruned: 0
2025-07-08 07:03:29,707 - INFO -   Best move: (CardPosition(rank=8, suit=3), (3, 11)), Score: 12.830
2025-07-08 07:03:29,708 - INFO - Depth 9 completed in 0.000054s
2025-07-08 07:03:29,708 - INFO -   Nodes: 1, Terminal: 0, Pruned: 0
2025-07-08 07:03:29,708 - INFO -   Best move: (CardPosition(rank=8, suit=3), (3, 11)), Score: 12.830
2025-07-08 07:03:29,708 - INFO - Depth 10 completed in 0.000054s
2025-07-08 07:03:29,708 - INFO -   Nodes: 1, Terminal: 0, Pruned: 0
2025-07-08 07:03:29,708 - INFO -   Best move: (CardPosition(rank=8, suit=3), (3, 11)), Score: 12.830
2025-07-08 07:03:29,708 - INFO - Depth 11 completed in 0.000054s
2025-07-08 07:03:29,708 - INFO -   Nodes: 1, Terminal: 0, Pruned: 0
2025-07-08 07:03:29,708 - INFO -   Best move: (CardPosition(rank=8, suit=3), (3, 11)), Score: 12.830
2025-07-08 07:03:29,708 - INFO - Depth 12 completed in 0.000054s
2025-07-08 07:03:29,708 - INFO -   Nodes: 1, Terminal: 0, Pruned: 0
2025-07-08 07:03:29,708 - INFO -   Best move: (CardPosition(rank=8, suit=3), (3, 11)), Score: 12.830
2025-07-08 07:03:29,708 - INFO - Depth 13 completed in 0.000054s
2025-07-08 07:03:29,708 - INFO -   Nodes: 1, Terminal: 0, Pruned: 0
2025-07-08 07:03:29,708 - INFO -   Best move: (CardPosition(rank=8, suit=3), (3, 11)), Score: 12.830
2025-07-08 07:03:29,708 - INFO - Depth 14 completed in 0.000054s
2025-07-08 07:03:29,708 - INFO -   Nodes: 1, Terminal: 0, Pruned: 0
2025-07-08 07:03:29,708 - INFO -   Best move: (CardPosition(rank=8, suit=3), (3, 11)), Score: 12.830
2025-07-08 07:03:29,708 - INFO - Depth 15 completed in 0.000054s
2025-07-08 07:03:29,708 - INFO -   Nodes: 1, Terminal: 0, Pruned: 0
2025-07-08 07:03:29,708 - INFO -   Best move: (CardPosition(rank=8, suit=3), (3, 11)), Score: 12.830
2025-07-08 07:03:29,709 - INFO - Depth 16 completed in 0.000054s
2025-07-08 07:03:29,709 - INFO -   Nodes: 1, Terminal: 0, Pruned: 0
2025-07-08 07:03:29,709 - INFO -   Best move: (CardPosition(rank=8, suit=3), (3, 11)), Score: 12.830
2025-07-08 07:03:29,709 - INFO - Depth 17 completed in 0.000054s
2025-07-08 07:03:29,709 - INFO -   Nodes: 1, Terminal: 0, Pruned: 0
2025-07-08 07:03:29,709 - INFO -   Best move: (CardPosition(rank=8, suit=3), (3, 11)), Score: 12.830
2025-07-08 07:03:29,709 - INFO - Depth 18 completed in 0.000054s
2025-07-08 07:03:29,709 - INFO -   Nodes: 1, Terminal: 0, Pruned: 0
2025-07-08 07:03:29,709 - INFO -   Best move: (CardPosition(rank=8, suit=3), (3, 11)), Score: 12.830
2025-07-08 07:03:29,709 - INFO - Depth 19 completed in 0.000053s
2025-07-08 07:03:29,709 - INFO -   Nodes: 1, Terminal: 0, Pruned: 0
2025-07-08 07:03:29,709 - INFO -   Best move: (CardPosition(rank=8, suit=3), (3, 11)), Score: 12.830
2025-07-08 07:03:29,709 - INFO - Depth 20 completed in 0.000054s
2025-07-08 07:03:29,709 - INFO -   Nodes: 1, Terminal: 0, Pruned: 0
2025-07-08 07:03:29,709 - INFO -   Best move: (CardPosition(rank=8, suit=3), (3, 11)), Score: 12.830
2025-07-08 07:03:29,709 - INFO - Depth 21 completed in 0.000054s
2025-07-08 07:03:29,709 - INFO -   Nodes: 1, Terminal: 0, Pruned: 0
2025-07-08 07:03:29,709 - INFO -   Best move: (CardPosition(rank=8, suit=3), (3, 11)), Score: 12.830
2025-07-08 07:03:29,709 - INFO - Depth 22 completed in 0.000053s
2025-07-08 07:03:29,709 - INFO -   Nodes: 1, Terminal: 0, Pruned: 0
2025-07-08 07:03:29,709 - INFO -   Best move: (CardPosition(rank=8, suit=3), (3, 11)), Score: 12.830
2025-07-08 07:03:29,709 - INFO - Depth 23 completed in 0.000054s
2025-07-08 07:03:29,709 - INFO -   Nodes: 1, Terminal: 0, Pruned: 0
2025-07-08 07:03:29,710 - INFO -   Best move: (CardPosition(rank=8, suit=3), (3, 11)), Score: 12.830
2025-07-08 07:03:29,710 - INFO - Depth 24 completed in 0.000054s
2025-07-08 07:03:29,710 - INFO -   Nodes: 1, Terminal: 0, Pruned: 0
2025-07-08 07:03:29,710 - INFO -   Best move: (CardPosition(rank=8, suit=3), (3, 11)), Score: 12.830
2025-07-08 07:03:29,710 - INFO - Depth 25 completed in 0.000054s
2025-07-08 07:03:29,710 - INFO -   Nodes: 1, Terminal: 0, Pruned: 0
2025-07-08 07:03:29,710 - INFO -   Best move: (CardPosition(rank=8, suit=3), (3, 11)), Score: 12.830
2025-07-08 07:03:29,710 - INFO - Iterative deepening completed: depth 25/25
2025-07-08 07:03:29,710 - INFO - === Search Completed ===
2025-07-08 07:03:29,710 - INFO - Positions evaluated: 25
2025-07-08 07:03:29,710 - INFO - Time taken: 0.003615s
2025-07-08 07:03:29,710 - INFO - Positions/second: 6916.45
2025-07-08 07:03:29,710 - INFO - Max depth reached: 1
2025-07-08 07:03:29,710 - INFO - Average depth reached: 1.00
2025-07-08 07:03:29,710 - INFO - Average branching factor: 1.00
2025-07-08 07:03:29,710 - INFO - Cache hits: 24
2025-07-08 07:03:29,710 - INFO - Cache misses: 1
2025-07-08 07:03:29,710 - INFO - Cache hit rate: 96.0%
2025-07-08 07:03:29,710 - INFO - Transposition table size: 1
2025-07-08 07:03:29,710 - INFO - === Search Started ===
2025-07-08 07:03:29,710 - INFO - Position: 1 legal moves available
2025-07-08 07:03:29,710 - INFO - Max search depth: 25
2025-07-08 07:03:29,710 - INFO - Depth 1 completed in 0.000119s
2025-07-08 07:03:29,710 - INFO -   Nodes: 1, Terminal: 1, Pruned: 0
2025-07-08 07:03:29,710 - INFO -   Best move: (CardPosition(rank=13, suit=3), (0, 10)), Score: 12.830
2025-07-08 07:03:29,710 - INFO - Depth 2 completed in 0.000058s
2025-07-08 07:03:29,710 - INFO -   Nodes: 1, Terminal: 0, Pruned: 0
2025-07-08 07:03:29,711 - INFO -   Best move: (CardPosition(rank=13, suit=3), (0, 10)), Score: 12.830
2025-07-08 07:03:29,711 - INFO - Depth 3 completed in 0.000056s
2025-07-08 07:03:29,711 - INFO -   Nodes: 1, Terminal: 0, Pruned: 0
2025-07-08 07:03:29,711 - INFO -   Best move: (CardPosition(rank=13, suit=3), (0, 10)), Score: 12.830
2025-07-08 07:03:29,711 - INFO - Depth 4 completed in 0.000056s
2025-07-08 07:03:29,711 - INFO -   Nodes: 1, Terminal: 0, Pruned: 0
2025-07-08 07:03:29,711 - INFO -   Best move: (CardPosition(rank=13, suit=3), (0, 10)), Score: 12.830
2025-07-08 07:03:29,711 - INFO - Depth 5 completed in 0.000056s
2025-07-08 07:03:29,711 - INFO -   Nodes: 1, Terminal: 0, Pruned: 0
2025-07-08 07:03:29,711 - INFO -   Best move: (CardPosition(rank=13, suit=3), (0, 10)), Score: 12.830
2025-07-08 07:03:29,711 - INFO - Depth 6 completed in 0.000056s
2025-07-08 07:03:29,711 - INFO -   Nodes: 1, Terminal: 0, Pruned: 0
2025-07-08 07:03:29,711 - INFO -   Best move: (CardPosition(rank=13, suit=3), (0, 10)), Score: 12.830
2025-07-08 07:03:29,711 - INFO - Depth 7 completed in 0.000056s
2025-07-08 07:03:29,711 - INFO -   Nodes: 1, Terminal: 0, Pruned: 0
2025-07-08 07:03:29,711 - INFO -   Best move: (CardPosition(rank=13, suit=3), (0, 10)), Score: 12.830
2025-07-08 07:03:29,711 - INFO - Depth 8 completed in 0.000056s
2025-07-08 07:03:29,711 - INFO -   Nodes: 1, Terminal: 0, Pruned: 0
2025-07-08 07:03:29,711 - INFO -   Best move: (CardPosition(rank=13, suit=3), (0, 10)), Score: 12.830
2025-07-08 07:03:29,711 - INFO - Depth 9 completed in 0.000056s
2025-07-08 07:03:29,711 - INFO -   Nodes: 1, Terminal: 0, Pruned: 0
2025-07-08 07:03:29,711 - INFO -   Best move: (CardPosition(rank=13, suit=3), (0, 10)), Score: 12.830
2025-07-08 07:03:29,712 - INFO - Depth 10 completed in 0.000128s
2025-07-08 07:03:29,712 - INFO -   Nodes: 1, Terminal: 0, Pruned: 0
2025-07-08 07:03:29,712 - INFO -   Best move: (CardPosition(rank=13, suit=3), (0, 10)), Score: 12.830
2025-07-08 07:03:29,712 - INFO - Depth 11 completed in 0.000057s
2025-07-08 07:03:29,712 - INFO -   Nodes: 1, Terminal: 0, Pruned: 0
2025-07-08 07:03:29,712 - INFO -   Best move: (CardPosition(rank=13, suit=3), (0, 10)), Score: 12.830
2025-07-08 07:03:29,712 - INFO - Depth 12 completed in 0.000056s
2025-07-08 07:03:29,712 - INFO -   Nodes: 1, Terminal: 0, Pruned: 0
2025-07-08 07:03:29,712 - INFO -   Best move: (CardPosition(rank=13, suit=3), (0, 10)), Score: 12.830
2025-07-08 07:03:29,712 - INFO - Depth 13 completed in 0.000056s
2025-07-08 07:03:29,712 - INFO -   Nodes: 1, Terminal: 0, Pruned: 0
2025-07-08 07:03:29,712 - INFO -   Best move: (CardPosition(rank=13, suit=3), (0, 10)), Score: 12.830
2025-07-08 07:03:29,712 - INFO - Depth 14 completed in 0.000056s
2025-07-08 07:03:29,712 - INFO -   Nodes: 1, Terminal: 0, Pruned: 0
2025-07-08 07:03:29,712 - INFO -   Best move: (CardPosition(rank=13, suit=3), (0, 10)), Score: 12.830
2025-07-08 07:03:29,712 - INFO - Depth 15 completed in 0.000056s
2025-07-08 07:03:29,712 - INFO -   Nodes: 1, Terminal: 0, Pruned: 0
2025-07-08 07:03:29,712 - INFO -   Best move: (CardPosition(rank=13, suit=3), (0, 10)), Score: 12.830
2025-07-08 07:03:29,713 - INFO - Depth 16 completed in 0.000056s
2025-07-08 07:03:29,713 - INFO -   Nodes: 1, Terminal: 0, Pruned: 0
2025-07-08 07:03:29,713 - INFO -   Best move: (CardPosition(rank=13, suit=3), (0, 10)), Score: 12.830
2025-07-08 07:03:29,713 - INFO - Depth 17 completed in 0.000056s
2025-07-08 07:03:29,713 - INFO -   Nodes: 1, Terminal: 0, Pruned: 0
2025-07-08 07:03:29,713 - INFO -   Best move: (CardPosition(rank=13, suit=3), (0, 10)), Score: 12.830
2025-07-08 07:03:29,713 - INFO - Depth 18 completed in 0.000056s
2025-07-08 07:03:29,713 - INFO -   Nodes: 1, Terminal: 0, Pruned: 0
2025-07-08 07:03:29,713 - INFO -   Best move: (CardPosition(rank=13, suit=3), (0, 10)), Score: 12.830
2025-07-08 07:03:29,713 - INFO - Depth 19 completed in 0.000056s
2025-07-08 07:03:29,713 - INFO -   Nodes: 1, Terminal: 0, Pruned: 0
2025-07-08 07:03:29,713 - INFO -   Best move: (CardPosition(rank=13, suit=3), (0, 10)), Score: 12.830
2025-07-08 07:03:29,713 - INFO - Depth 20 completed in 0.000056s
2025-07-08 07:03:29,713 - INFO -   Nodes: 1, Terminal: 0, Pruned: 0
2025-07-08 07:03:29,713 - INFO -   Best move: (CardPosition(rank=13, suit=3), (0, 10)), Score: 12.830
2025-07-08 07:03:29,713 - INFO - Depth 21 completed in 0.000056s
2025-07-08 07:03:29,713 - INFO -   Nodes: 1, Terminal: 0, Pruned: 0
2025-07-08 07:03:29,713 - INFO -   Best move: (CardPosition(rank=13, suit=3), (0, 10)), Score: 12.830
2025-07-08 07:03:29,713 - INFO - Depth 22 completed in 0.000055s
2025-07-08 07:03:29,713 - INFO -   Nodes: 1, Terminal: 0, Pruned: 0
2025-07-08 07:03:29,713 - INFO -   Best move: (CardPosition(rank=13, suit=3), (0, 10)), Score: 12.830
2025-07-08 07:03:29,713 - INFO - Depth 23 completed in 0.000055s
2025-07-08 07:03:29,714 - INFO -   Nodes: 1, Terminal: 0, Pruned: 0
2025-07-08 07:03:29,714 - INFO -   Best move: (CardPosition(rank=13, suit=3), (0, 10)), Score: 12.830
2025-07-08 07:03:29,714 - INFO - Depth 24 completed in 0.000056s
2025-07-08 07:03:29,714 - INFO -   Nodes: 1, Terminal: 0, Pruned: 0
2025-07-08 07:03:29,714 - INFO -   Best move: (CardPosition(rank=13, suit=3), (0, 10)), Score: 12.830
2025-07-08 07:03:29,714 - INFO - Depth 25 completed in 0.000056s
2025-07-08 07:03:29,714 - INFO -   Nodes: 1, Terminal: 0, Pruned: 0
2025-07-08 07:03:29,714 - INFO -   Best move: (CardPosition(rank=13, suit=3), (0, 10)), Score: 12.830
2025-07-08 07:03:29,714 - INFO - Iterative deepening completed: depth 25/25
2025-07-08 07:03:29,714 - INFO - === Search Completed ===
2025-07-08 07:03:29,714 - INFO - Positions evaluated: 25
2025-07-08 07:03:29,714 - INFO - Time taken: 0.003697s
2025-07-08 07:03:29,714 - INFO - Positions/second: 6762.51
2025-07-08 07:03:29,714 - INFO - Max depth reached: 1
2025-07-08 07:03:29,714 - INFO - Average depth reached: 1.00
2025-07-08 07:03:29,714 - INFO - Average branching factor: 1.00
2025-07-08 07:03:29,714 - INFO - Cache hits: 24
2025-07-08 07:03:29,714 - INFO - Cache misses: 1
2025-07-08 07:03:29,714 - INFO - Cache hit rate: 96.0%
2025-07-08 07:03:29,714 - INFO - Transposition table size: 1
2025-07-08 07:03:29,714 - INFO - === Search Started ===
2025-07-08 07:03:29,714 - INFO - Position: 1 legal moves available
2025-07-08 07:03:29,714 - INFO - Max search depth: 25
2025-07-08 07:03:29,714 - INFO - Depth 1 completed in 0.000115s
2025-07-08 07:03:29,714 - INFO -   Nodes: 1, Terminal: 1, Pruned: 0
2025-07-08 07:03:29,714 - INFO -   Best move: (CardPosition(rank=5, suit=1), (1, 3)), Score: 14.717
2025-07-08 07:03:29,715 - INFO - Depth 2 completed in 0.000055s
2025-07-08 07:03:29,715 - INFO -   Nodes: 1, Terminal: 0, Pruned: 0
2025-07-08 07:03:29,715 - INFO -   Best move: (CardPosition(rank=5, suit=1), (1, 3)), Score: 14.717
2025-07-08 07:03:29,715 - INFO - Depth 3 completed in 0.000053s
2025-07-08 07:03:29,715 - INFO -   Nodes: 1, Terminal: 0, Pruned: 0
2025-07-08 07:03:29,715 - INFO -   Best move: (CardPosition(rank=5, suit=1), (1, 3)), Score: 14.717
2025-07-08 07:03:29,715 - INFO - Depth 4 completed in 0.000053s
2025-07-08 07:03:29,715 - INFO -   Nodes: 1, Terminal: 0, Pruned: 0
2025-07-08 07:03:29,715 - INFO -   Best move: (CardPosition(rank=5, suit=1), (1, 3)), Score: 14.717
2025-07-08 07:03:29,715 - INFO - Depth 5 completed in 0.000053s
2025-07-08 07:03:29,715 - INFO -   Nodes: 1, Terminal: 0, Pruned: 0
2025-07-08 07:03:29,715 - INFO -   Best move: (CardPosition(rank=5, suit=1), (1, 3)), Score: 14.717
2025-07-08 07:03:29,715 - INFO - Depth 6 completed in 0.000053s
2025-07-08 07:03:29,715 - INFO -   Nodes: 1, Terminal: 0, Pruned: 0
2025-07-08 07:03:29,715 - INFO -   Best move: (CardPosition(rank=5, suit=1), (1, 3)), Score: 14.717
2025-07-08 07:03:29,715 - INFO - Depth 7 completed in 0.000053s
2025-07-08 07:03:29,715 - INFO -   Nodes: 1, Terminal: 0, Pruned: 0
2025-07-08 07:03:29,715 - INFO -   Best move: (CardPosition(rank=5, suit=1), (1, 3)), Score: 14.717
2025-07-08 07:03:29,715 - INFO - Depth 8 completed in 0.000052s
2025-07-08 07:03:29,715 - INFO -   Nodes: 1, Terminal: 0, Pruned: 0
2025-07-08 07:03:29,715 - INFO -   Best move: (CardPosition(rank=5, suit=1), (1, 3)), Score: 14.717
2025-07-08 07:03:29,715 - INFO - Depth 9 completed in 0.000052s
2025-07-08 07:03:29,715 - INFO -   Nodes: 1, Terminal: 0, Pruned: 0
2025-07-08 07:03:29,715 - INFO -   Best move: (CardPosition(rank=5, suit=1), (1, 3)), Score: 14.717
2025-07-08 07:03:29,716 - INFO - Depth 10 completed in 0.000052s
2025-07-08 07:03:29,716 - INFO -   Nodes: 1, Terminal: 0, Pruned: 0
2025-07-08 07:03:29,716 - INFO -   Best move: (CardPosition(rank=5, suit=1), (1, 3)), Score: 14.717
2025-07-08 07:03:29,716 - INFO - Depth 11 completed in 0.000052s
2025-07-08 07:03:29,716 - INFO -   Nodes: 1, Terminal: 0, Pruned: 0
2025-07-08 07:03:29,716 - INFO -   Best move: (CardPosition(rank=5, suit=1), (1, 3)), Score: 14.717
2025-07-08 07:03:29,716 - INFO - Depth 12 completed in 0.000052s
2025-07-08 07:03:29,716 - INFO -   Nodes: 1, Terminal: 0, Pruned: 0
2025-07-08 07:03:29,716 - INFO -   Best move: (CardPosition(rank=5, suit=1), (1, 3)), Score: 14.717
2025-07-08 07:03:29,716 - INFO - Depth 13 completed in 0.000052s
2025-07-08 07:03:29,716 - INFO -   Nodes: 1, Terminal: 0, Pruned: 0
2025-07-08 07:03:29,716 - INFO -   Best move: (CardPosition(rank=5, suit=1), (1, 3)), Score: 14.717
2025-07-08 07:03:29,716 - INFO - Depth 14 completed in 0.000052s
2025-07-08 07:03:29,716 - INFO -   Nodes: 1, Terminal: 0, Pruned: 0
2025-07-08 07:03:29,716 - INFO -   Best move: (CardPosition(rank=5, suit=1), (1, 3)), Score: 14.717
2025-07-08 07:03:29,716 - INFO - Depth 15 completed in 0.000052s
2025-07-08 07:03:29,716 - INFO -   Nodes: 1, Terminal: 0, Pruned: 0
2025-07-08 07:03:29,716 - INFO -   Best move: (CardPosition(rank=5, suit=1), (1, 3)), Score: 14.717
2025-07-08 07:03:29,716 - INFO - Depth 16 completed in 0.000052s
2025-07-08 07:03:29,716 - INFO -   Nodes: 1, Terminal: 0, Pruned: 0
2025-07-08 07:03:29,716 - INFO -   Best move: (CardPosition(rank=5, suit=1), (1, 3)), Score: 14.717
2025-07-08 07:03:29,717 - INFO - Depth 17 completed in 0.000052s
2025-07-08 07:03:29,717 - INFO -   Nodes: 1, Terminal: 0, Pruned: 0
2025-07-08 07:03:29,717 - INFO -   Best move: (CardPosition(rank=5, suit=1), (1, 3)), Score: 14.717
2025-07-08 07:03:29,717 - INFO - Depth 18 completed in 0.000052s
2025-07-08 07:03:29,717 - INFO -   Nodes: 1, Terminal: 0, Pruned: 0
2025-07-08 07:03:29,717 - INFO -   Best move: (CardPosition(rank=5, suit=1), (1, 3)), Score: 14.717
2025-07-08 07:03:29,717 - INFO - Depth 19 completed in 0.000052s
2025-07-08 07:03:29,717 - INFO -   Nodes: 1, Terminal: 0, Pruned: 0
2025-07-08 07:03:29,717 - INFO -   Best move: (CardPosition(rank=5, suit=1), (1, 3)), Score: 14.717
2025-07-08 07:03:29,717 - INFO - Depth 20 completed in 0.000053s
2025-07-08 07:03:29,717 - INFO -   Nodes: 1, Terminal: 0, Pruned: 0
2025-07-08 07:03:29,717 - INFO -   Best move: (CardPosition(rank=5, suit=1), (1, 3)), Score: 14.717
2025-07-08 07:03:29,717 - INFO - Depth 21 completed in 0.000053s
2025-07-08 07:03:29,717 - INFO -   Nodes: 1, Terminal: 0, Pruned: 0
2025-07-08 07:03:29,717 - INFO -   Best move: (CardPosition(rank=5, suit=1), (1, 3)), Score: 14.717
2025-07-08 07:03:29,717 - INFO - Depth 22 completed in 0.000053s
2025-07-08 07:03:29,717 - INFO -   Nodes: 1, Terminal: 0, Pruned: 0
2025-07-08 07:03:29,717 - INFO -   Best move: (CardPosition(rank=5, suit=1), (1, 3)), Score: 14.717
2025-07-08 07:03:29,717 - INFO - Depth 23 completed in 0.000052s
2025-07-08 07:03:29,717 - INFO -   Nodes: 1, Terminal: 0, Pruned: 0
2025-07-08 07:03:29,717 - INFO -   Best move: (CardPosition(rank=5, suit=1), (1, 3)), Score: 14.717
2025-07-08 07:03:29,717 - INFO - Depth 24 completed in 0.000052s
2025-07-08 07:03:29,717 - INFO -   Nodes: 1, Terminal: 0, Pruned: 0
2025-07-08 07:03:29,717 - INFO -   Best move: (CardPosition(rank=5, suit=1), (1, 3)), Score: 14.717
2025-07-08 07:03:29,718 - INFO - Depth 25 completed in 0.000053s
2025-07-08 07:03:29,718 - INFO -   Nodes: 1, Terminal: 0, Pruned: 0
2025-07-08 07:03:29,718 - INFO -   Best move: (CardPosition(rank=5, suit=1), (1, 3)), Score: 14.717
2025-07-08 07:03:29,718 - INFO - Iterative deepening completed: depth 25/25
2025-07-08 07:03:29,718 - INFO - === Search Completed ===
2025-07-08 07:03:29,718 - INFO - Positions evaluated: 25
2025-07-08 07:03:29,718 - INFO - Time taken: 0.003551s
2025-07-08 07:03:29,718 - INFO - Positions/second: 7039.76
2025-07-08 07:03:29,718 - INFO - Max depth reached: 1
2025-07-08 07:03:29,718 - INFO - Average depth reached: 1.00
2025-07-08 07:03:29,718 - INFO - Average branching factor: 1.00
2025-07-08 07:03:29,718 - INFO - Cache hits: 24
2025-07-08 07:03:29,718 - INFO - Cache misses: 1
2025-07-08 07:03:29,718 - INFO - Cache hit rate: 96.0%
2025-07-08 07:03:29,718 - INFO - Transposition table size: 1
2025-07-08 07:03:29,718 - INFO - === Search Started ===
2025-07-08 07:03:29,718 - INFO - Position: 1 legal moves available
2025-07-08 07:03:29,718 - INFO - Max search depth: 25
2025-07-08 07:03:29,718 - INFO - Depth 1 completed in 0.000120s
2025-07-08 07:03:29,718 - INFO -   Nodes: 1, Terminal: 1, Pruned: 0
2025-07-08 07:03:29,718 - INFO -   Best move: (CardPosition(rank=3, suit=0), (0, 1)), Score: 16.604
2025-07-08 07:03:29,718 - INFO - Depth 2 completed in 0.000064s
2025-07-08 07:03:29,718 - INFO -   Nodes: 1, Terminal: 0, Pruned: 0
2025-07-08 07:03:29,718 - INFO -   Best move: (CardPosition(rank=3, suit=0), (0, 1)), Score: 16.604
2025-07-08 07:03:29,719 - INFO - Depth 3 completed in 0.000063s
2025-07-08 07:03:29,719 - INFO -   Nodes: 1, Terminal: 0, Pruned: 0
2025-07-08 07:03:29,719 - INFO -   Best move: (CardPosition(rank=3, suit=0), (0, 1)), Score: 16.604
2025-07-08 07:03:29,719 - INFO - Depth 4 completed in 0.000063s
2025-07-08 07:03:29,719 - INFO -   Nodes: 1, Terminal: 0, Pruned: 0
2025-07-08 07:03:29,719 - INFO -   Best move: (CardPosition(rank=3, suit=0), (0, 1)), Score: 16.604
2025-07-08 07:03:29,719 - INFO - Depth 5 completed in 0.000063s
2025-07-08 07:03:29,719 - INFO -   Nodes: 1, Terminal: 0, Pruned: 0
2025-07-08 07:03:29,719 - INFO -   Best move: (CardPosition(rank=3, suit=0), (0, 1)), Score: 16.604
2025-07-08 07:03:29,719 - INFO - Depth 6 completed in 0.000079s
2025-07-08 07:03:29,719 - INFO -   Nodes: 1, Terminal: 0, Pruned: 0
2025-07-08 07:03:29,719 - INFO -   Best move: (CardPosition(rank=3, suit=0), (0, 1)), Score: 16.604
2025-07-08 07:03:29,719 - INFO - Depth 7 completed in 0.000062s
2025-07-08 07:03:29,719 - INFO -   Nodes: 1, Terminal: 0, Pruned: 0
2025-07-08 07:03:29,719 - INFO -   Best move: (CardPosition(rank=3, suit=0), (0, 1)), Score: 16.604
2025-07-08 07:03:29,719 - INFO - Depth 8 completed in 0.000062s
2025-07-08 07:03:29,719 - INFO -   Nodes: 1, Terminal: 0, Pruned: 0
2025-07-08 07:03:29,719 - INFO -   Best move: (CardPosition(rank=3, suit=0), (0, 1)), Score: 16.604
2025-07-08 07:03:29,719 - INFO - Depth 9 completed in 0.000063s
2025-07-08 07:03:29,720 - INFO -   Nodes: 1, Terminal: 0, Pruned: 0
2025-07-08 07:03:29,720 - INFO -   Best move: (CardPosition(rank=3, suit=0), (0, 1)), Score: 16.604
2025-07-08 07:03:29,720 - INFO - Depth 10 completed in 0.000062s
2025-07-08 07:03:29,720 - INFO -   Nodes: 1, Terminal: 0, Pruned: 0
2025-07-08 07:03:29,720 - INFO -   Best move: (CardPosition(rank=3, suit=0), (0, 1)), Score: 16.604
2025-07-08 07:03:29,720 - INFO - Depth 11 completed in 0.000062s
2025-07-08 07:03:29,720 - INFO -   Nodes: 1, Terminal: 0, Pruned: 0
2025-07-08 07:03:29,720 - INFO -   Best move: (CardPosition(rank=3, suit=0), (0, 1)), Score: 16.604
2025-07-08 07:03:29,720 - INFO - Depth 12 completed in 0.000062s
2025-07-08 07:03:29,720 - INFO -   Nodes: 1, Terminal: 0, Pruned: 0
2025-07-08 07:03:29,720 - INFO -   Best move: (CardPosition(rank=3, suit=0), (0, 1)), Score: 16.604
2025-07-08 07:03:29,720 - INFO - Depth 13 completed in 0.000063s
2025-07-08 07:03:29,720 - INFO -   Nodes: 1, Terminal: 0, Pruned: 0
2025-07-08 07:03:29,720 - INFO -   Best move: (CardPosition(rank=3, suit=0), (0, 1)), Score: 16.604
2025-07-08 07:03:29,720 - INFO - Depth 14 completed in 0.000062s
2025-07-08 07:03:29,720 - INFO -   Nodes: 1, Terminal: 0, Pruned: 0
2025-07-08 07:03:29,720 - INFO -   Best move: (CardPosition(rank=3, suit=0), (0, 1)), Score: 16.604
2025-07-08 07:03:29,720 - INFO - Depth 15 completed in 0.000062s
2025-07-08 07:03:29,720 - INFO -   Nodes: 1, Terminal: 0, Pruned: 0
2025-07-08 07:03:29,720 - INFO -   Best move: (CardPosition(rank=3, suit=0), (0, 1)), Score: 16.604
2025-07-08 07:03:29,721 - INFO - Depth 16 completed in 0.000063s
2025-07-08 07:03:29,721 - INFO -   Nodes: 1, Terminal: 0, Pruned: 0
2025-07-08 07:03:29,721 - INFO -   Best move: (CardPosition(rank=3, suit=0), (0, 1)), Score: 16.604
2025-07-08 07:03:29,721 - INFO - Depth 17 completed in 0.000063s
2025-07-08 07:03:29,721 - INFO -   Nodes: 1, Terminal: 0, Pruned: 0
2025-07-08 07:03:29,721 - INFO -   Best move: (CardPosition(rank=3, suit=0), (0, 1)), Score: 16.604
2025-07-08 07:03:29,721 - INFO - Depth 18 completed in 0.000062s
2025-07-08 07:03:29,721 - INFO -   Nodes: 1, Terminal: 0, Pruned: 0
2025-07-08 07:03:29,721 - INFO -   Best move: (CardPosition(rank=3, suit=0), (0, 1)), Score: 16.604
2025-07-08 07:03:29,721 - INFO - Depth 19 completed in 0.000062s
2025-07-08 07:03:29,721 - INFO -   Nodes: 1, Terminal: 0, Pruned: 0
2025-07-08 07:03:29,721 - INFO -   Best move: (CardPosition(rank=3, suit=0), (0, 1)), Score: 16.604
2025-07-08 07:03:29,721 - INFO - Depth 20 completed in 0.000062s
2025-07-08 07:03:29,721 - INFO -   Nodes: 1, Terminal: 0, Pruned: 0
2025-07-08 07:03:29,721 - INFO -   Best move: (CardPosition(rank=3, suit=0), (0, 1)), Score: 16.604
2025-07-08 07:03:29,721 - INFO - Depth 21 completed in 0.000062s
2025-07-08 07:03:29,721 - INFO -   Nodes: 1, Terminal: 0, Pruned: 0
2025-07-08 07:03:29,721 - INFO -   Best move: (CardPosition(rank=3, suit=0), (0, 1)), Score: 16.604
2025-07-08 07:03:29,721 - INFO - Depth 22 completed in 0.000063s
2025-07-08 07:03:29,721 - INFO -   Nodes: 1, Terminal: 0, Pruned: 0
2025-07-08 07:03:29,721 - INFO -   Best move: (CardPosition(rank=3, suit=0), (0, 1)), Score: 16.604
2025-07-08 07:03:29,722 - INFO - Depth 23 completed in 0.000062s
2025-07-08 07:03:29,722 - INFO -   Nodes: 1, Terminal: 0, Pruned: 0
2025-07-08 07:03:29,722 - INFO -   Best move: (CardPosition(rank=3, suit=0), (0, 1)), Score: 16.604
2025-07-08 07:03:29,722 - INFO - Depth 24 completed in 0.000062s
2025-07-08 07:03:29,722 - INFO -   Nodes: 1, Terminal: 0, Pruned: 0
2025-07-08 07:03:29,722 - INFO -   Best move: (CardPosition(rank=3, suit=0), (0, 1)), Score: 16.604
2025-07-08 07:03:29,722 - INFO - Depth 25 completed in 0.000062s
2025-07-08 07:03:29,722 - INFO -   Nodes: 1, Terminal: 0, Pruned: 0
2025-07-08 07:03:29,722 - INFO -   Best move: (CardPosition(rank=3, suit=0), (0, 1)), Score: 16.604
2025-07-08 07:03:29,722 - INFO - Iterative deepening completed: depth 25/25
2025-07-08 07:03:29,722 - INFO - === Search Completed ===
2025-07-08 07:03:29,722 - INFO - Positions evaluated: 25
2025-07-08 07:03:29,722 - INFO - Time taken: 0.003785s
2025-07-08 07:03:29,722 - INFO - Positions/second: 6604.15
2025-07-08 07:03:29,722 - INFO - Max depth reached: 1
2025-07-08 07:03:29,722 - INFO - Average depth reached: 1.00
2025-07-08 07:03:29,722 - INFO - Average branching factor: 0.00
2025-07-08 07:03:29,722 - INFO - Cache hits: 24
2025-07-08 07:03:29,722 - INFO - Cache misses: 1
2025-07-08 07:03:29,722 - INFO - Cache hit rate: 96.0%
2025-07-08 07:03:29,722 - INFO - Transposition table size: 1
